Tasks,Method,Normalized Mission Value,Normalized Mission Value,Normalized Mission Value,Weighted Impact Coverage,Weighted Impact Coverage,Weighted Impact Coverage,Physical Completed Tasks,Physical Completed Tasks,Physical Completed Tasks,Medical Evacuees,Medical Evacuees,Medical Evacuees,Personnel Transported,Personnel Transported,Personnel Transported,Cargo Delivered kg,Cargo Delivered kg,Cargo Delivered kg,Average Response Time,Average Response Time,Average Response Time,Total Flight Time,Total Flight Time,Total Flight Time,Runtime sec,Runtime sec,Runtime sec,End-to-end sec,End-to-end sec,End-to-end sec,MIP Gap,MIP Gap,MIP Gap
,,mean,std,count,mean,std,count,mean,std,count,mean,std,count,mean,std,count,mean,std,count,mean,std,count,mean,std,count,mean,std,count,mean,std,count,mean,std,count
20,Greedy-Benefit,0.49466509458896696,0.06198460182512056,30,0.7206851518839019,0.07486760798665026,30,13.666666666666666,1.493279966205689,30,13.0,3.8056219755369365,30,8.4,3.961887394176913,30,996.6666666666666,482.97450017168825,30,41.911800609521194,3.105179757351358,30,227.7522857363184,29.167727317844893,30,0.0012530638409468035,0.00021201548594319442,30,0.0012532971372517447,0.00021201276434936896,30,,,0
20,Greedy-Density-Cycle,0.4919698976470608,0.06170571551844063,30,0.7229641223471309,0.07072734612622024,30,13.966666666666667,1.4499306364701425,30,12.966666666666667,4.106205004652093,30,8.633333333333333,4.4604262463189075,30,991.6666666666666,529.8150837683896,30,38.87381208660621,3.9927848461420066,30,222.56956926249435,34.082324804504985,30,0.0010555001480194429,0.0005209721600015972,30,0.001055747305508703,0.0005210459856766033,30,,,0
20,Greedy-Density-Operational,0.49286780792498575,0.05928307180385195,30,0.7234830939556856,0.07090727207189734,30,13.966666666666667,1.4499306364701423,30,13.166666666666666,3.7882152410658607,30,8.5,4.23246891346508,30,965.0,468.7014342657366,30,39.00883040162452,4.341606922197138,30,221.3798103178118,35.9111760586673,30,0.0011337222220997015,0.0007955967742840118,30,0.0011339791623565059,0.0007957147815802573,30,,,0
20,HiGHS-15s,0.5623961338348104,0.05610836615201809,30,0.7634367654222288,0.0746878942374776,30,14.266666666666667,1.595971941100973,30,14.066666666666666,3.947354708586789,30,9.166666666666666,4.821527396664008,30,923.3333333333334,504.4172693407665,30,39.216975434696025,3.8525239187552436,30,214.0924574769857,28.250920597682427,30,2.8128596985673844,2.755218652034676,30,2.89899862340341,2.8059408118003573,30,0.00580978954406448,0.0318215278764177,30
20,HiGHS-1s,0.5198612696411014,0.0803853129043818,5,0.7015952635537377,0.09106972367397352,5,13.0,1.5811388300841898,5,12.6,3.3615472627943226,5,9.4,4.722287581247038,5,1030.0,566.3479495857648,5,38.08582750582751,3.1266770209057784,5,211.91191593292373,14.307052029548178,5,1.9765961943233075,0.9987650497896372,30,2.0627351191593335,1.047905532554215,30,0.0,0.0,5
20,HiGHS-5s,0.561158874036284,0.05668349077532738,29,0.765540135802642,0.07510020438684062,29,14.275862068965518,1.6234124492240307,29,14.344827586206897,3.7059398467572633,29,9.275862068965518,4.868972843601013,29,910.3448275862069,508.21454102025996,29,39.5274130112619,3.5181827716445175,29,216.994091044303,23.770010834156142,29,2.444242944420936,1.3324536885396814,30,2.530381869256962,1.3806411074506062,30,2.1026206632715246e-06,1.1322958798603622e-05,29
20,HiGHS-600s,0.5658663321457461,0.06137612934641344,30,0.7716481475360499,0.08102339635547308,30,14.4,1.734040527705203,30,14.1,3.880543865188895,30,9.266666666666667,4.784553691096852,30,943.3333333333334,531.0583663833451,30,39.46168442940502,3.475687452928699,30,215.88676458856563,24.131211122410605,30,2.8436634568381125,2.938360037602515,30,2.929802381674138,2.9885637406309624,30,0.0,0.0,30
20,HiGHS-60s,0.5658663321457461,0.06137612934641344,30,0.7716481475360499,0.08102339635547308,30,14.4,1.734040527705203,30,14.1,3.880543865188895,30,9.266666666666667,4.784553691096852,30,943.3333333333334,531.0583663833451,30,39.46168442940502,3.475687452928699,30,215.88676458856563,24.131211122410605,30,2.8321605943958277,2.831767227913478,30,2.9182995192318533,2.882028818623984,30,0.0,0.0,30
30,Greedy-Benefit,0.364307519260055,0.05272331762918352,30,0.5545396953624889,0.0599767523057958,30,15.533333333333333,1.7759569219172373,30,15.733333333333333,4.25021973738911,30,9.966666666666667,4.405978174952858,30,1080.0,569.4219694658301,30,44.49660385409224,3.6357442176221855,30,236.72452746983672,25.6512788471002,30,0.0015942527912557124,0.000241652937718047,30,0.001594533228004972,0.00024165823444354618,30,,,0
30,Greedy-Density-Cycle,0.3727900760069207,0.05349832551597635,30,0.5617298994097276,0.06892470323054749,30,16.266666666666666,1.700574615531029,30,15.933333333333334,3.8050178606072573,30,9.9,4.404934537068862,30,1148.3333333333333,538.5938482134134,30,40.94239140145487,3.60212912803366,30,230.1170833990139,27.307756319107163,30,0.0012475791076819102,8.603068118337281e-05,30,0.0012478040841718515,8.604074430585462e-05,30,,,0
30,Greedy-Density-Operational,0.3740689970996554,0.05312763767896356,30,0.5645014788465772,0.06894742252807401,30,16.3,1.6640208884630565,30,16.066666666666666,3.7132877274898095,30,9.766666666666667,4.280536006827548,30,1178.3333333333333,521.8804416744307,30,41.33663024611554,3.737265178059573,30,234.38455198544037,30.130740651657845,30,0.0013367140394014616,9.834388893836738e-05,30,0.001336965395603329,9.835341656042844e-05,30,,,0
30,HiGHS-15s,0.4326830945175407,0.050413907509204055,29,0.6053321697241713,0.05589953683783655,29,16.517241379310345,1.6609095970747991,29,18.137931034482758,4.595993114590099,29,10.517241379310345,4.763107401500265,29,1031.0344827586207,514.3327496280025,29,42.062692100433644,2.7664106664514425,29,226.2825287258718,24.152651553359846,29,4.45982830413462,3.2513586203002247,30,4.653724790399428,3.332744084068577,30,0.0018886345721315799,0.010170608431380516,29
30,HiGHS-1s,0.3423610798277758,,1,0.5165031222123105,,1,14.0,,1,18.0,,1,6.0,,1,2150.0,,1,41.5,,1,232.82076897048586,,1,3.0729663721712615,1.2508633036679915,30,3.2668628584360704,1.338427700078804,30,0.0,,1
30,HiGHS-5s,0.4032898110128193,0.06698962446109555,27,0.5687295594280009,0.08971114039255698,27,15.74074074074074,2.0679345435369267,27,17.14814814814815,4.571682939606037,27,9.444444444444445,4.163331998932266,27,1064.8148148148148,496.49053264171016,27,41.49453154758452,2.5621506284697966,27,216.29014237455917,38.15983309703386,27,3.6643922916574714,1.375439980100203,30,3.8582887779222803,1.4619246382278017,30,1.983908342665916,6.988683158575356,27
30,HiGHS-600s,0.4355658723834565,0.05062912065904959,30,0.6112850543077191,0.05705290422645682,30,16.733333333333334,1.6801751413906605,30,18.1,4.428356899300937,30,10.6,4.702163845251058,30,1043.3333333333333,507.1443604131378,30,42.25142869428473,2.3633733337262344,30,227.6240462617476,22.89099994769979,30,4.525590612432764,3.354033358378873,30,4.719487098697573,3.4356630736815035,30,0.0,0.0,30
30,HiGHS-60s,0.4355658723834565,0.05062912065904959,30,0.6112850543077191,0.05705290422645682,30,16.733333333333334,1.6801751413906605,30,18.1,4.428356899300937,30,10.6,4.702163845251058,30,1043.3333333333333,507.1443604131378,30,42.25142869428473,2.3633733337262344,30,227.6240462617476,22.89099994769979,30,4.5205661930299055,3.3793123316123004,30,4.714462679294714,3.4614170484405062,30,0.0,0.0,30
40,Greedy-Benefit,0.2981897739182175,0.042873062568137055,30,0.4556652851940201,0.05058688270612859,30,16.833333333333332,1.641768040513207,30,18.033333333333335,4.295011808689425,30,9.666666666666666,3.1767835971291,30,1211.6666666666667,552.5307501714791,30,45.98755843858011,3.813397275668326,30,237.80203279742483,26.018828221299376,30,0.001892382053968807,0.00017135953122842214,30,0.001892661190746973,0.00017136250225459327,30,,,0
40,Greedy-Density-Cycle,0.3052916757210679,0.043805486725911946,30,0.46880059841075006,0.052231744644171796,30,18.066666666666666,1.855714999917697,30,17.633333333333333,4.327006876091963,30,10.733333333333333,3.463437930561277,30,1351.6666666666667,504.54543101094765,30,42.939726918678154,3.7794711661489844,30,238.91709017689874,29.19997582215212,30,0.0015768000235160192,0.00010176706428148954,30,0.0015770499982560675,0.00010175856429548935,30,,,0
40,Greedy-Density-Operational,0.3052522474086198,0.04474299501074208,30,0.4693310646279292,0.049442408967721854,30,17.966666666666665,1.7904600320690718,30,17.566666666666666,4.280536006827548,30,10.966666666666667,3.448971194262221,30,1323.3333333333333,503.90429669718543,30,42.784634858462255,3.5969613237393663,30,240.2166375162269,29.64668750877439,30,0.0016512847893560927,0.0001020280445786629,30,0.0016515528045905133,0.00010204036868183977,30,,,0
40,HiGHS-15s,0.3442509989915235,0.06339826420017541,28,0.4960161043905977,0.07863148076623419,28,17.785714285714285,2.2829017087120094,28,19.892857142857142,4.9913947113027595,28,11.392857142857142,4.210562430226629,28,1101.7857142857142,511.43989597582936,28,43.709903829953035,2.9386675399596833,28,228.56618614294285,30.45688802908453,28,9.089133027812931,4.224371720758711,30,9.466722168175814,4.34200604333855,30,12.302566050785044,65.05519697535827,28
40,HiGHS-1s,,,0,,,0,,,0,,,0,,,0,,,0,,,0,,,0,4.786947518071004,1.8622024492954994,30,5.164536658433887,1.9848170216479704,30,,,0
40,HiGHS-5s,0.31727137296208796,0.08484331138248606,10,0.44616588175838945,0.12764224141065433,10,15.8,3.966526608171604,10,18.1,5.626327003965869,10,10.6,5.378971401051816,10,985.0,525.4891900780538,10,40.547711548857066,4.78143162798703,10,209.08260523491617,37.146531603847016,10,5.292209966736846,1.6072399788635976,30,5.6697991070997285,1.7256245870072928,30,21.126078122958816,53.020665533812895,10
40,HiGHS-600s,0.3595035922499032,0.03709736698768541,30,0.5167456839927191,0.0440614396005327,30,18.6,1.7140393911700977,30,20.1,4.1385488044599095,30,12.333333333333334,4.389119252890261,30,1151.6666666666667,532.3149400517506,30,43.976121786566836,2.8916209796352734,30,231.2996950437424,21.6032462766723,30,11.200196282134858,10.261835038917159,30,11.577785422497739,10.39041244472914,30,0.0,0.0,30
40,HiGHS-60s,0.3595035922499032,0.03709736698768541,30,0.5167456839927191,0.0440614396005327,30,18.6,1.7140393911700977,30,20.1,4.1385488044599095,30,12.333333333333334,4.389119252890261,30,1151.6666666666667,532.3149400517506,30,43.976121786566836,2.8916209796352734,30,231.2996950437424,21.6032462766723,30,11.214229061066483,10.22264798676246,30,11.591818201429366,10.35114711013854,30,0.0,0.0,30
50,Greedy-Benefit,0.2517638487531163,0.03785211254108921,30,0.3871716909659734,0.04247096855780713,30,17.766666666666666,1.8510636892363257,30,19.833333333333332,3.4847780648011915,30,10.4,3.43008997569733,30,1140.0,537.4588997918978,30,47.21018074374886,3.834487598587974,30,245.58351418027266,27.726780586276366,30,0.002215376333333552,0.00017657922158855318,30,0.002215640266270687,0.00017657601796023547,30,,,0
50,Greedy-Density-Cycle,0.2601738025923187,0.04000390641918532,30,0.3984891562897868,0.052227306871726456,30,19.433333333333334,2.1764148522732065,30,18.833333333333332,4.480481295985752,30,12.066666666666666,3.6096932082202313,30,1365.0,528.5226645060283,30,43.936751704495684,2.8899400795060584,30,235.27279633990332,26.981157841970724,30,0.0019264471988814573,0.0001606170781056339,30,0.0019266776158474385,0.0001606339856039027,30,,,0
50,Greedy-Density-Operational,0.260703928787738,0.03966475096614998,30,0.3988930363594391,0.04967932219457689,30,19.433333333333334,2.062528300049662,30,18.933333333333334,4.585835262792512,30,12.0,3.732430104202706,30,1358.3333333333333,540.7662719877602,30,43.769298117497236,2.5592416020161646,30,233.77640864056576,25.459732200647345,30,0.0020055025971184174,0.0002941106110994582,30,0.002005749905947596,0.00029410957926411093,30,,,0
50,HiGHS-15s,0.27665046384707703,0.06617103649061228,21,0.40145221903320044,0.09799023812218081,21,17.761904761904763,3.5623694629384226,21,20.047619047619047,6.248809410409238,21,12.761904761904763,4.646555303714376,21,938.0952380952381,466.3434254668875,21,43.007237651123106,5.002268807383326,21,214.46519019237698,38.81797541969242,21,12.00525389306713,3.902637421164681,30,12.60966730263317,4.086222390742532,30,15.776630608882344,50.47706098975557,21
50,HiGHS-1s,,,0,,,0,,,0,,,0,,,0,,,0,,,0,,,0,6.84084770004265,3.2576971011783415,30,7.445261109608691,3.4796394483265147,30,,,0
50,HiGHS-5s,0.25492293220594064,0.08785820139205923,4,0.388321468729922,0.1115452238836909,4,18.0,2.581988897471611,4,19.0,8.717797887081348,4,15.75,2.7537852736430515,4,787.5,337.5771516754849,4,43.74927023440955,2.1628272420846395,4,224.7690011151633,10.499751103519847,4,7.165647908397174,2.970247810442489,30,7.770061317963215,3.1945767206485005,30,29.896976092699855,59.76970808300414,4
50,HiGHS-600s,0.3048596486760937,0.03618554971238114,30,0.44303984115889705,0.043675814258092326,30,20.066666666666666,2.2117762144910835,30,21.433333333333334,4.215597747391951,30,14.0,4.299157896692055,30,1205.0,514.840115790899,30,45.403399004240306,2.752487811806952,30,232.57546572999289,21.59339096468036,30,25.106534751535705,25.116730798427703,30,25.710948161101744,25.326729894507853,30,0.0,0.0,30
50,HiGHS-60s,0.298114653110314,0.04186738790740452,30,0.4359033956542868,0.050425862961284734,30,19.7,2.230664042155501,30,21.2,4.551619643523648,30,13.7,4.284293689021926,30,1165.0,508.7425336230904,30,45.24997564526354,2.59859708875565,30,230.6983575856764,22.49951227552681,30,22.465843444294297,18.418672328972075,30,23.070256853860336,18.644160495534823,30,0.0299399248794217,0.09864392480150602,30
60,Greedy-Benefit,0.21843367977536005,0.03307957559909315,30,0.3427207458841435,0.03808204249734997,30,18.833333333333332,2.2450456309521796,30,20.833333333333332,2.948796754415363,30,11.0,3.3218191941495987,30,1183.3333333333333,506.05528751608614,30,48.661142343283615,3.114480202255546,30,245.3566399669604,24.493992735644376,30,0.0024663361022248865,0.00016861900672522257,30,0.002466608304530382,0.00016861168721796967,30,,,0
60,Greedy-Density-Cycle,0.22598182944854256,0.03135261383432482,30,0.3542970247080387,0.039728243872452225,30,20.433333333333334,2.4166567578076688,30,19.966666666666665,4.42939501849689,30,13.0,3.6859472183621573,30,1345.0,536.4876191649173,30,44.63455808663525,3.2050866956368993,30,233.11359295757612,30.053352171713833,30,0.002275422172776113,0.0001810046133021095,30,0.0022756292096649607,0.00018100217528161074,30,,,0
60,Greedy-Density-Operational,0.22617119940618083,0.031238882284642635,30,0.3523373919385489,0.037265608294577784,30,20.466666666666665,2.1291625896895074,30,19.866666666666667,4.407934329986243,30,12.9,4.105085155990193,30,1341.6666666666667,520.7890785796262,30,44.61887345401143,3.193919826657966,30,231.82448031608573,29.803677332347885,30,0.0023134513602902492,0.000199940162771905,30,0.0023137069462488094,0.00019996036149464222,30,,,0
60,HiGHS-15s,0.22924339975365626,0.0627003106722697,10,0.33608901376745437,0.09897182280742156,10,17.6,4.087922591134904,10,19.7,6.8158312446506155,10,12.8,6.460134157533675,10,1055.0,613.4827716497922,10,43.29805969915877,6.670946854050707,10,227.68612633912076,38.23250224541918,10,17.835909965067792,7.6471131720139915,30,18.80644452731358,7.975438633458038,30,10.58123970343399,28.30176967823676,10
60,HiGHS-1s,,,0,,,0,,,0,,,0,,,0,,,0,,,0,,,0,12.943778286140878,10.115344372763277,30,13.914312848386665,10.474161581286657,30,,,0
60,HiGHS-5s,,,0,,,0,,,0,,,0,,,0,,,0,,,0,,,0,12.987116412438143,10.087109051492689,30,13.95765097468393,10.4446093523679,30,,,0
60,HiGHS-600s,0.2693560113254569,0.028316448590344722,30,0.3947025638512435,0.04056494056491496,30,20.933333333333334,2.242740523883952,30,22.233333333333334,4.598975398134206,30,15.466666666666667,4.775897340008353,30,1261.6666666666667,514.7284743423959,30,46.440767996096575,2.198662147217259,30,235.86465524968233,26.68023336326997,30,62.74370449298294,71.56794958523008,30,63.71423905522873,71.89668360041976,30,0.0,0.0,30
60,HiGHS-60s,0.2565695814834345,0.03931107166113052,23,0.37888613133349774,0.055095466671231275,23,19.695652173913043,2.5661216333514183,23,22.08695652173913,5.186635303426585,23,14.304347826086957,4.78097348976978,23,1176.0869565217392,519.5867162767205,23,46.02161154176851,2.7931825233807155,23,232.69882481173912,36.0914167501102,23,35.5340135999606,19.490124176401558,30,36.50454816220638,19.832782761936677,30,0.05374903554755963,0.19781782941528864,23
