Seed,Task ID,Visual,Load,Medical,Personnel,t_opt,t_eff,t_ineff
1,1,False,400,3,3,30.0,46.0,81.0
1,2,False,150,0,2,31.0,52.0,111.0
1,3,False,300,2,2,35.0,55.0,108.0
1,4,False,50,1,2,8.0,31.0,89.0
1,5,False,500,0,3,21.0,35.0,76.0
1,6,True,300,0,3,17.0,39.0,90.0
1,7,False,150,0,0,31.0,46.0,75.0
1,8,False,200,2,1,35.0,49.0,91.0
1,9,False,500,3,1,22.0,46.0,66.0
1,10,True,200,0,1,28.0,47.0,101.0
1,11,False,350,0,0,8.0,28.0,81.0
1,12,False,100,2,1,34.0,54.0,114.0
1,13,False,100,0,2,33.0,45.0,79.0
1,14,True,300,0,0,21.0,36.0,57.0
1,15,True,100,0,0,22.0,37.0,85.0
1,16,False,100,0,0,31.0,46.0,95.0
1,17,False,200,1,2,18.0,37.0,57.0
1,18,True,400,2,3,19.0,41.0,95.0
1,19,True,50,0,2,19.0,34.0,64.0
1,20,True,350,3,3,9.0,25.0,68.0
1,21,True,300,3,0,11.0,37.0,97.0
1,22,True,100,2,1,11.0,34.0,63.0
1,23,False,50,3,3,22.0,36.0,67.0
1,24,False,250,0,2,14.0,40.0,67.0
1,25,False,250,1,1,26.0,38.0,64.0
1,26,False,300,2,0,21.0,34.0,93.0
1,27,True,250,0,1,34.0,60.0,105.0
1,28,False,50,2,1,26.0,40.0,81.0
1,29,True,150,0,0,17.0,29.0,67.0
1,30,True,300,0,0,21.0,37.0,65.0
1,31,False,300,2,1,26.0,41.0,100.0
1,32,False,350,0,0,11.0,33.0,74.0
1,33,False,400,2,0,28.0,45.0,96.0
1,34,False,50,1,2,13.0,29.0,61.0
1,35,False,400,0,3,19.0,32.0,52.0
1,36,True,400,0,0,19.0,42.0,101.0
1,37,False,450,0,0,33.0,54.0,81.0
1,38,False,250,0,0,25.0,46.0,100.0
1,39,False,500,1,3,10.0,25.0,72.0
1,40,True,350,3,1,29.0,53.0,87.0
1,41,True,100,0,3,22.0,41.0,79.0
1,42,False,350,0,0,12.0,26.0,72.0
1,43,True,400,0,2,22.0,44.0,74.0
1,44,False,200,0,0,12.0,27.0,72.0
1,45,True,100,0,1,12.0,25.0,70.0
1,46,True,450,0,0,30.0,55.0,80.0
1,47,True,200,3,3,15.0,32.0,65.0
1,48,False,100,3,2,14.0,30.0,61.0
1,49,True,100,0,2,11.0,23.0,68.0
1,50,True,300,0,0,29.0,43.0,84.0
1,51,False,50,0,1,19.0,45.0,69.0
1,52,True,50,3,0,35.0,52.0,84.0
1,53,True,350,0,0,34.0,58.0,101.0
1,54,False,100,0,0,20.0,37.0,71.0
1,55,False,350,0,0,26.0,44.0,83.0
1,56,True,500,0,1,15.0,34.0,67.0
1,57,False,450,0,2,13.0,26.0,64.0
1,58,False,500,2,3,21.0,44.0,70.0
1,59,True,450,0,0,33.0,53.0,91.0
1,60,False,400,0,0,12.0,26.0,85.0
2,1,True,350,3,3,23.0,44.0,83.0
2,2,False,350,1,0,29.0,52.0,77.0
2,3,True,500,1,0,10.0,25.0,58.0
2,4,False,150,0,1,32.0,45.0,71.0
2,5,False,300,0,1,9.0,26.0,54.0
2,6,False,200,0,0,31.0,48.0,103.0
2,7,False,450,2,2,10.0,33.0,89.0
2,8,False,450,0,2,12.0,27.0,62.0
2,9,True,300,0,1,14.0,29.0,59.0
2,10,True,200,1,2,19.0,34.0,78.0
2,11,True,150,0,1,14.0,37.0,74.0
2,12,True,450,0,2,28.0,44.0,90.0
2,13,False,400,0,1,33.0,51.0,107.0
2,14,False,250,3,2,32.0,50.0,81.0
2,15,True,350,0,0,16.0,31.0,67.0
2,16,True,400,0,3,28.0,51.0,98.0
2,17,False,500,1,0,19.0,45.0,77.0
2,18,False,500,2,1,23.0,36.0,87.0
2,19,False,250,0,0,22.0,39.0,80.0
2,20,False,50,0,2,10.0,36.0,77.0
2,21,False,450,3,0,35.0,57.0,96.0
2,22,True,100,0,0,19.0,36.0,90.0
2,23,False,500,0,2,30.0,48.0,69.0
2,24,False,400,0,2,13.0,36.0,96.0
2,25,False,250,0,0,34.0,46.0,100.0
2,26,False,200,1,3,16.0,32.0,67.0
2,27,True,250,0,0,30.0,55.0,99.0
2,28,True,150,0,3,12.0,27.0,78.0
2,29,True,150,3,2,22.0,47.0,101.0
2,30,False,450,3,0,26.0,41.0,95.0
2,31,False,350,3,2,34.0,60.0,109.0
2,32,False,50,0,1,32.0,57.0,114.0
2,33,True,150,0,0,29.0,52.0,74.0
2,34,True,200,0,2,26.0,52.0,83.0
2,35,True,150,0,1,18.0,35.0,59.0
2,36,False,50,0,2,31.0,47.0,98.0
2,37,True,450,2,0,30.0,50.0,96.0
2,38,False,350,1,3,16.0,32.0,74.0
2,39,False,350,0,1,26.0,50.0,96.0
2,40,True,350,0,2,20.0,46.0,77.0
2,41,False,200,3,0,16.0,39.0,91.0
2,42,True,300,2,3,34.0,54.0,94.0
2,43,True,200,1,3,17.0,33.0,62.0
2,44,True,100,0,3,18.0,35.0,88.0
2,45,False,400,0,0,24.0,47.0,77.0
2,46,False,300,1,3,29.0,42.0,69.0
2,47,True,500,0,0,21.0,34.0,69.0
2,48,True,250,2,2,29.0,55.0,82.0
2,49,True,200,2,2,17.0,42.0,96.0
2,50,True,150,0,2,26.0,40.0,62.0
2,51,False,400,0,0,31.0,54.0,102.0
2,52,True,350,0,3,19.0,37.0,94.0
2,53,True,200,0,0,28.0,49.0,91.0
2,54,False,350,1,2,16.0,31.0,71.0
2,55,False,350,0,0,8.0,25.0,57.0
2,56,False,250,0,0,20.0,46.0,85.0
2,57,True,100,3,2,8.0,28.0,49.0
2,58,False,200,2,0,17.0,33.0,71.0
2,59,False,300,0,0,27.0,50.0,104.0
2,60,False,200,0,3,27.0,46.0,83.0
3,1,False,200,0,0,16.0,39.0,73.0
3,2,False,500,0,0,33.0,59.0,81.0
3,3,False,50,2,2,20.0,45.0,105.0
3,4,False,200,1,2,14.0,26.0,61.0
3,5,False,250,0,1,15.0,41.0,61.0
3,6,False,500,3,3,23.0,45.0,80.0
3,7,True,400,3,3,26.0,46.0,75.0
3,8,True,100,0,2,11.0,26.0,69.0
3,9,False,300,0,0,9.0,28.0,57.0
3,10,True,100,0,0,21.0,45.0,67.0
3,11,False,200,0,0,22.0,40.0,61.0
3,12,False,300,2,3,26.0,52.0,93.0
3,13,False,500,0,3,24.0,38.0,89.0
3,14,True,100,1,3,8.0,27.0,75.0
3,15,False,450,0,2,28.0,52.0,102.0
3,16,True,50,3,3,32.0,49.0,106.0
3,17,False,150,2,2,32.0,44.0,93.0
3,18,True,100,1,2,35.0,55.0,82.0
3,19,False,200,0,1,30.0,48.0,74.0
3,20,True,250,0,0,15.0,31.0,53.0
3,21,False,100,0,3,23.0,43.0,98.0
3,22,False,50,1,1,15.0,38.0,91.0
3,23,False,150,1,1,25.0,40.0,81.0
3,24,False,300,0,0,34.0,52.0,92.0
3,25,True,350,3,3,12.0,33.0,70.0
3,26,True,50,0,2,12.0,35.0,59.0
3,27,False,150,0,0,16.0,28.0,54.0
3,28,True,150,0,0,32.0,56.0,105.0
3,29,True,250,3,3,25.0,49.0,93.0
3,30,True,400,1,3,9.0,27.0,61.0
3,31,False,350,0,0,13.0,38.0,96.0
3,32,False,300,3,1,34.0,58.0,107.0
3,33,False,300,2,3,14.0,27.0,74.0
3,34,False,500,3,3,15.0,32.0,80.0
3,35,True,350,0,0,23.0,43.0,98.0
3,36,False,400,0,2,14.0,28.0,80.0
3,37,False,250,2,0,28.0,47.0,82.0
3,38,False,350,3,1,14.0,29.0,59.0
3,39,True,300,1,3,17.0,38.0,64.0
3,40,True,100,3,3,31.0,46.0,80.0
3,41,False,350,0,0,25.0,46.0,95.0
3,42,False,450,2,0,15.0,32.0,64.0
3,43,False,150,1,0,15.0,31.0,57.0
3,44,True,300,0,3,32.0,45.0,89.0
3,45,True,100,2,2,27.0,50.0,97.0
3,46,True,300,1,2,23.0,46.0,102.0
3,47,True,50,3,2,17.0,34.0,75.0
3,48,True,350,3,1,23.0,45.0,79.0
3,49,True,250,3,3,23.0,41.0,92.0
3,50,True,300,2,2,17.0,35.0,57.0
3,51,False,500,2,0,34.0,52.0,72.0
3,52,False,300,0,2,23.0,36.0,63.0
3,53,True,50,0,2,29.0,51.0,76.0
3,54,True,500,0,2,28.0,42.0,71.0
3,55,False,50,0,2,12.0,38.0,64.0
3,56,False,500,1,2,25.0,37.0,92.0
3,57,False,150,0,1,15.0,30.0,62.0
3,58,False,500,0,0,35.0,60.0,86.0
3,59,True,450,0,0,18.0,31.0,73.0
3,60,False,100,2,3,9.0,25.0,59.0
4,1,False,300,0,0,22.0,37.0,71.0
4,2,True,350,0,1,15.0,33.0,88.0
4,3,False,500,1,1,31.0,49.0,87.0
4,4,False,50,2,1,33.0,53.0,88.0
4,5,True,50,3,0,15.0,35.0,63.0
4,6,True,300,0,1,17.0,37.0,66.0
4,7,False,450,0,0,11.0,33.0,81.0
4,8,False,150,2,3,26.0,43.0,97.0
4,9,True,300,0,0,9.0,28.0,76.0
4,10,False,250,3,1,18.0,30.0,88.0
4,11,True,350,2,2,14.0,39.0,92.0
4,12,False,400,0,0,29.0,51.0,108.0
4,13,False,200,0,0,34.0,60.0,92.0
4,14,False,150,2,0,17.0,30.0,84.0
4,15,True,500,3,0,34.0,60.0,98.0
4,16,False,100,0,0,29.0,49.0,89.0
4,17,False,500,2,3,25.0,51.0,93.0
4,18,True,100,0,0,29.0,42.0,85.0
4,19,True,400,0,2,12.0,36.0,73.0
4,20,False,200,0,0,15.0,39.0,85.0
4,21,False,150,1,0,18.0,44.0,85.0
4,22,True,500,1,2,8.0,26.0,55.0
4,23,False,500,0,0,13.0,34.0,77.0
4,24,True,500,0,2,14.0,30.0,63.0
4,25,False,400,1,0,23.0,42.0,90.0
4,26,False,250,0,3,17.0,36.0,72.0
4,27,True,250,0,3,35.0,52.0,87.0
4,28,True,200,0,0,30.0,53.0,108.0
4,29,True,200,0,0,34.0,57.0,98.0
4,30,True,500,0,0,21.0,42.0,87.0
4,31,False,100,3,1,28.0,48.0,107.0
4,32,True,100,0,2,32.0,48.0,94.0
4,33,False,150,3,1,33.0,54.0,86.0
4,34,False,50,2,1,28.0,53.0,92.0
4,35,True,500,0,0,30.0,47.0,76.0
4,36,True,250,2,2,16.0,28.0,55.0
4,37,True,250,3,1,26.0,49.0,90.0
4,38,False,350,0,0,34.0,57.0,100.0
4,39,True,450,0,0,21.0,35.0,57.0
4,40,True,200,0,1,23.0,46.0,104.0
4,41,False,150,3,1,15.0,28.0,56.0
4,42,True,300,3,3,35.0,48.0,69.0
4,43,False,300,0,0,23.0,42.0,81.0
4,44,True,300,3,0,18.0,34.0,94.0
4,45,True,500,0,3,14.0,35.0,69.0
4,46,True,500,3,2,10.0,23.0,56.0
4,47,False,250,0,3,26.0,43.0,65.0
4,48,True,400,0,0,33.0,45.0,84.0
4,49,False,200,2,1,22.0,46.0,97.0
4,50,True,100,3,3,21.0,39.0,87.0
4,51,True,150,0,3,25.0,38.0,73.0
4,52,False,100,0,0,16.0,28.0,50.0
4,53,False,100,3,0,22.0,35.0,88.0
4,54,True,200,0,1,24.0,41.0,68.0
4,55,False,500,0,0,9.0,25.0,49.0
4,56,True,450,1,2,17.0,29.0,74.0
4,57,False,450,0,2,15.0,33.0,62.0
4,58,True,400,0,0,17.0,37.0,74.0
4,59,False,50,1,1,15.0,34.0,56.0
4,60,False,350,0,0,30.0,56.0,91.0
5,1,False,450,0,1,27.0,44.0,93.0
5,2,False,200,0,3,24.0,47.0,75.0
5,3,False,100,3,0,12.0,32.0,54.0
5,4,True,200,0,0,16.0,32.0,80.0
5,5,False,250,1,1,35.0,55.0,77.0
5,6,True,50,3,3,19.0,33.0,56.0
5,7,False,350,0,0,11.0,27.0,72.0
5,8,False,500,0,1,25.0,43.0,89.0
5,9,False,350,1,3,26.0,40.0,72.0
5,10,True,400,0,1,14.0,36.0,95.0
5,11,False,300,2,1,12.0,24.0,57.0
5,12,False,400,1,2,25.0,42.0,77.0
5,13,True,100,0,2,21.0,44.0,79.0
5,14,True,150,1,0,21.0,38.0,80.0
5,15,False,350,3,2,31.0,55.0,101.0
5,16,True,150,0,0,27.0,40.0,86.0
5,17,True,450,0,0,9.0,26.0,57.0
5,18,True,300,0,3,28.0,44.0,70.0
5,19,True,50,0,3,18.0,42.0,95.0
5,20,True,150,0,0,24.0,40.0,75.0
5,21,True,450,0,0,21.0,45.0,78.0
5,22,True,350,0,3,12.0,24.0,67.0
5,23,False,500,1,1,18.0,40.0,65.0
5,24,False,200,3,3,15.0,31.0,79.0
5,25,False,500,0,2,23.0,43.0,98.0
5,26,False,500,3,2,21.0,38.0,69.0
5,27,True,50,0,2,29.0,45.0,83.0
5,28,False,50,0,1,23.0,39.0,62.0
5,29,True,400,0,0,9.0,24.0,76.0
5,30,False,300,1,0,29.0,44.0,89.0
5,31,False,350,2,2,17.0,31.0,79.0
5,32,False,100,3,2,24.0,37.0,75.0
5,33,True,50,0,3,10.0,32.0,86.0
5,34,False,100,1,0,15.0,32.0,89.0
5,35,False,400,0,2,29.0,41.0,101.0
5,36,True,100,2,3,14.0,26.0,54.0
5,37,False,200,0,2,32.0,51.0,110.0
5,38,False,100,2,1,13.0,33.0,68.0
5,39,False,150,0,0,22.0,36.0,83.0
5,40,False,450,0,2,17.0,30.0,80.0
5,41,True,100,0,3,29.0,48.0,90.0
5,42,False,250,0,1,34.0,56.0,84.0
5,43,False,50,0,1,32.0,55.0,93.0
5,44,False,150,0,2,30.0,52.0,87.0
5,45,False,500,0,0,21.0,45.0,87.0
5,46,False,350,0,0,12.0,37.0,58.0
5,47,False,350,0,3,17.0,41.0,77.0
5,48,False,250,0,0,9.0,23.0,58.0
5,49,True,50,3,0,14.0,31.0,51.0
5,50,True,50,2,1,30.0,56.0,97.0
5,51,True,300,3,0,13.0,38.0,86.0
5,52,True,150,2,0,29.0,54.0,81.0
5,53,True,150,0,0,26.0,41.0,89.0
5,54,False,500,0,0,28.0,54.0,78.0
5,55,False,50,0,3,28.0,50.0,105.0
5,56,True,50,1,2,21.0,45.0,76.0
5,57,False,200,2,3,23.0,38.0,60.0
5,58,False,300,0,0,19.0,38.0,86.0
5,59,False,400,0,1,25.0,44.0,90.0
5,60,True,300,1,2,33.0,59.0,108.0
6,1,True,350,0,3,26.0,46.0,70.0
6,2,True,500,2,1,19.0,40.0,64.0
6,3,False,350,2,0,19.0,39.0,64.0
6,4,True,150,0,2,21.0,47.0,89.0
6,5,True,300,2,1,11.0,36.0,64.0
6,6,False,150,2,3,26.0,51.0,93.0
6,7,True,400,0,0,30.0,53.0,93.0
6,8,True,300,0,0,24.0,46.0,91.0
6,9,True,250,0,0,31.0,52.0,86.0
6,10,False,250,1,0,15.0,27.0,54.0
6,11,False,450,0,0,29.0,47.0,72.0
6,12,True,50,0,3,13.0,26.0,69.0
6,13,True,100,1,3,33.0,59.0,105.0
6,14,False,400,0,0,19.0,44.0,79.0
6,15,True,350,0,1,13.0,32.0,61.0
6,16,False,250,0,0,29.0,46.0,68.0
6,17,True,450,1,3,25.0,43.0,68.0
6,18,False,400,1,3,17.0,42.0,67.0
6,19,False,300,1,2,19.0,37.0,85.0
6,20,True,350,0,1,24.0,42.0,94.0
6,21,False,500,0,0,21.0,34.0,91.0
6,22,True,150,3,2,25.0,50.0,76.0
6,23,True,100,0,1,23.0,46.0,100.0
6,24,False,450,0,3,19.0,45.0,65.0
6,25,True,450,1,1,12.0,30.0,80.0
6,26,True,150,0,0,24.0,47.0,67.0
6,27,False,450,0,0,35.0,50.0,71.0
6,28,True,150,0,1,18.0,30.0,86.0
6,29,True,250,2,0,15.0,32.0,57.0
6,30,False,200,0,0,31.0,43.0,78.0
6,31,True,450,3,1,11.0,33.0,82.0
6,32,True,100,0,1,14.0,37.0,61.0
6,33,False,200,0,0,17.0,31.0,64.0
6,34,False,150,3,1,21.0,36.0,91.0
6,35,False,400,0,2,32.0,47.0,93.0
6,36,False,500,3,1,33.0,59.0,96.0
6,37,False,400,0,3,9.0,34.0,58.0
6,38,True,50,0,1,34.0,59.0,109.0
6,39,False,300,0,0,33.0,52.0,89.0
6,40,False,500,3,0,28.0,49.0,87.0
6,41,False,300,0,2,15.0,41.0,87.0
6,42,True,500,0,0,21.0,47.0,94.0
6,43,False,450,2,2,12.0,27.0,69.0
6,44,False,200,0,2,13.0,28.0,82.0
6,45,True,450,0,2,29.0,47.0,67.0
6,46,False,50,0,1,20.0,33.0,60.0
6,47,False,500,0,1,12.0,29.0,82.0
6,48,False,50,1,2,9.0,27.0,80.0
6,49,False,250,2,1,28.0,48.0,69.0
6,50,False,400,0,0,24.0,45.0,96.0
6,51,False,450,0,3,11.0,26.0,68.0
6,52,False,500,0,0,33.0,48.0,78.0
6,53,False,150,0,0,9.0,33.0,62.0
6,54,True,250,0,0,8.0,31.0,63.0
6,55,False,450,0,1,23.0,39.0,80.0
6,56,True,450,0,0,8.0,25.0,63.0
6,57,True,150,3,0,30.0,47.0,70.0
6,58,False,300,0,1,33.0,58.0,88.0
6,59,False,350,2,3,27.0,45.0,88.0
6,60,True,300,0,0,11.0,25.0,79.0
7,1,True,150,0,2,29.0,46.0,74.0
7,2,False,100,3,2,14.0,40.0,63.0
7,3,True,250,0,0,12.0,33.0,91.0
7,4,False,100,0,0,34.0,59.0,109.0
7,5,False,100,0,0,29.0,46.0,76.0
7,6,False,100,0,0,29.0,52.0,106.0
7,7,False,150,1,3,23.0,46.0,92.0
7,8,True,250,0,1,18.0,33.0,71.0
7,9,False,250,0,1,14.0,30.0,54.0
7,10,True,150,0,0,9.0,25.0,53.0
7,11,False,200,0,0,30.0,52.0,109.0
7,12,False,400,0,0,16.0,41.0,72.0
7,13,False,350,0,3,15.0,28.0,54.0
7,14,False,100,0,0,12.0,37.0,91.0
7,15,False,200,1,2,16.0,34.0,76.0
7,16,False,200,1,2,9.0,28.0,77.0
7,17,False,150,0,0,28.0,41.0,97.0
7,18,False,200,0,3,21.0,43.0,77.0
7,19,False,450,0,0,19.0,32.0,80.0
7,20,True,400,1,0,23.0,49.0,94.0
7,21,True,50,0,3,17.0,40.0,93.0
7,22,True,100,0,2,34.0,49.0,82.0
7,23,False,350,3,3,15.0,38.0,93.0
7,24,True,350,2,0,12.0,35.0,63.0
7,25,False,450,0,3,24.0,41.0,78.0
7,26,False,50,2,3,12.0,25.0,56.0
7,27,True,100,0,0,8.0,30.0,52.0
7,28,False,100,2,1,18.0,33.0,70.0
7,29,True,400,0,0,21.0,39.0,60.0
7,30,True,250,2,3,14.0,35.0,65.0
7,31,False,500,0,3,17.0,35.0,82.0
7,32,True,350,2,3,22.0,48.0,90.0
7,33,True,450,2,1,24.0,36.0,58.0
7,34,True,200,0,0,15.0,28.0,68.0
7,35,True,150,0,2,12.0,36.0,58.0
7,36,False,300,0,1,18.0,32.0,64.0
7,37,True,250,0,1,34.0,53.0,110.0
7,38,True,350,0,0,24.0,46.0,89.0
7,39,True,500,0,2,19.0,41.0,81.0
7,40,False,300,3,3,32.0,54.0,82.0
7,41,False,300,0,1,15.0,40.0,65.0
7,42,False,100,0,0,33.0,54.0,89.0
7,43,True,200,0,3,26.0,39.0,65.0
7,44,False,250,2,3,31.0,49.0,70.0
7,45,False,250,0,3,34.0,59.0,96.0
7,46,False,500,3,2,34.0,60.0,120.0
7,47,False,400,0,0,12.0,29.0,63.0
7,48,True,350,0,2,8.0,28.0,82.0
7,49,False,250,1,2,30.0,43.0,93.0
7,50,False,450,1,2,35.0,52.0,96.0
7,51,False,300,2,2,27.0,44.0,79.0
7,52,False,250,0,0,19.0,44.0,85.0
7,53,True,100,2,0,24.0,43.0,70.0
7,54,False,200,2,1,10.0,29.0,61.0
7,55,False,400,0,3,10.0,22.0,58.0
7,56,False,200,0,1,17.0,41.0,99.0
7,57,False,300,1,0,10.0,29.0,60.0
7,58,True,500,0,2,23.0,49.0,88.0
7,59,True,400,0,2,21.0,35.0,84.0
7,60,True,350,3,0,24.0,44.0,84.0
8,1,True,500,0,2,30.0,54.0,89.0
8,2,False,350,0,1,21.0,39.0,88.0
8,3,True,500,0,0,23.0,42.0,65.0
8,4,False,450,0,0,33.0,46.0,78.0
8,5,False,400,3,0,24.0,40.0,81.0
8,6,False,300,0,2,23.0,46.0,100.0
8,7,True,50,0,2,17.0,32.0,91.0
8,8,True,350,0,0,22.0,42.0,91.0
8,9,False,250,3,0,10.0,36.0,95.0
8,10,False,150,0,3,35.0,60.0,96.0
8,11,True,250,1,0,22.0,37.0,82.0
8,12,False,200,1,0,28.0,46.0,93.0
8,13,False,350,0,1,21.0,34.0,59.0
8,14,True,300,0,3,16.0,31.0,77.0
8,15,True,250,3,3,32.0,46.0,101.0
8,16,False,350,0,3,29.0,54.0,114.0
8,17,False,400,0,2,35.0,61.0,119.0
8,18,True,100,0,0,35.0,58.0,79.0
8,19,False,200,1,2,29.0,45.0,87.0
8,20,True,400,3,0,11.0,35.0,79.0
8,21,True,350,3,0,9.0,33.0,65.0
8,22,True,100,0,1,8.0,27.0,79.0
8,23,False,350,1,2,10.0,31.0,66.0
8,24,False,50,3,1,30.0,42.0,85.0
8,25,True,400,0,0,33.0,45.0,100.0
8,26,True,200,2,0,14.0,30.0,76.0
8,27,False,500,0,0,15.0,39.0,93.0
8,28,True,300,0,1,27.0,40.0,85.0
8,29,True,150,1,0,26.0,42.0,89.0
8,30,False,250,3,2,20.0,39.0,80.0
8,31,True,150,1,2,17.0,40.0,99.0
8,32,True,450,0,0,33.0,59.0,105.0
8,33,False,150,1,0,14.0,31.0,65.0
8,34,True,500,2,3,22.0,34.0,79.0
8,35,False,200,3,2,26.0,39.0,92.0
8,36,False,300,0,3,18.0,36.0,62.0
8,37,True,200,0,1,16.0,37.0,96.0
8,38,True,300,0,0,11.0,25.0,63.0
8,39,False,400,3,1,14.0,40.0,69.0
8,40,False,350,0,2,23.0,39.0,93.0
8,41,False,450,3,1,29.0,42.0,72.0
8,42,True,500,3,3,31.0,45.0,104.0
8,43,True,50,2,2,17.0,37.0,79.0
8,44,False,400,2,2,24.0,43.0,79.0
8,45,True,200,3,1,33.0,53.0,90.0
8,46,False,300,0,0,8.0,21.0,57.0
8,47,False,100,3,1,30.0,52.0,90.0
8,48,False,150,0,1,18.0,44.0,79.0
8,49,False,400,0,0,10.0,33.0,57.0
8,50,True,250,1,0,23.0,42.0,97.0
8,51,True,200,0,0,20.0,35.0,78.0
8,52,True,200,1,1,25.0,46.0,80.0
8,53,False,100,2,0,25.0,39.0,77.0
8,54,False,150,1,0,29.0,52.0,95.0
8,55,False,100,0,0,13.0,34.0,85.0
8,56,False,200,0,0,31.0,56.0,93.0
8,57,False,50,0,2,22.0,35.0,91.0
8,58,True,350,0,0,24.0,38.0,95.0
8,59,False,400,0,3,13.0,38.0,63.0
8,60,False,300,0,2,11.0,35.0,55.0
9,1,False,400,1,2,12.0,29.0,57.0
9,2,False,350,0,2,23.0,46.0,79.0
9,3,True,500,3,2,29.0,55.0,110.0
9,4,False,250,0,0,15.0,30.0,69.0
9,5,True,350,0,0,31.0,47.0,68.0
9,6,False,150,0,0,19.0,42.0,81.0
9,7,False,100,0,0,30.0,43.0,64.0
9,8,True,50,2,2,21.0,35.0,59.0
9,9,True,100,0,0,14.0,38.0,98.0
9,10,False,350,3,1,15.0,37.0,73.0
9,11,True,50,2,0,20.0,43.0,66.0
9,12,True,500,0,0,25.0,48.0,92.0
9,13,False,350,0,3,18.0,35.0,59.0
9,14,False,350,1,1,30.0,51.0,102.0
9,15,False,500,0,2,13.0,25.0,63.0
9,16,True,350,1,2,18.0,42.0,86.0
9,17,False,300,0,1,18.0,33.0,65.0
9,18,True,450,1,2,23.0,42.0,78.0
9,19,True,400,1,0,26.0,49.0,108.0
9,20,True,450,2,3,8.0,22.0,51.0
9,21,False,300,0,0,15.0,40.0,81.0
9,22,False,450,1,3,16.0,32.0,54.0
9,23,True,250,1,1,20.0,42.0,91.0
9,24,True,150,2,2,21.0,36.0,89.0
9,25,False,400,0,0,15.0,28.0,67.0
9,26,False,100,2,1,26.0,51.0,75.0
9,27,True,500,0,0,24.0,44.0,80.0
9,28,False,150,0,2,23.0,45.0,80.0
9,29,True,400,0,3,26.0,48.0,106.0
9,30,False,250,3,3,17.0,36.0,91.0
9,31,False,500,0,0,35.0,47.0,67.0
9,32,True,250,1,0,28.0,52.0,105.0
9,33,False,500,2,2,26.0,46.0,89.0
9,34,False,100,0,0,9.0,27.0,47.0
9,35,True,500,1,0,12.0,36.0,63.0
9,36,False,300,0,3,27.0,53.0,110.0
9,37,False,300,2,3,20.0,40.0,71.0
9,38,True,350,1,1,19.0,42.0,70.0
9,39,True,500,0,0,19.0,40.0,96.0
9,40,False,500,1,2,16.0,29.0,86.0
9,41,False,500,3,0,32.0,50.0,87.0
9,42,True,350,0,1,25.0,51.0,79.0
9,43,True,350,0,3,22.0,44.0,102.0
9,44,True,300,0,0,32.0,56.0,107.0
9,45,True,300,3,2,12.0,32.0,88.0
9,46,False,350,3,2,16.0,34.0,89.0
9,47,False,100,0,0,26.0,47.0,81.0
9,48,False,350,2,1,11.0,26.0,52.0
9,49,True,250,0,0,31.0,57.0,84.0
9,50,False,400,0,3,26.0,52.0,102.0
9,51,True,350,2,1,29.0,45.0,88.0
9,52,False,400,2,1,31.0,45.0,66.0
9,53,True,250,0,0,32.0,57.0,89.0
9,54,False,500,0,0,9.0,23.0,79.0
9,55,True,400,3,1,28.0,40.0,91.0
9,56,True,100,0,0,26.0,40.0,81.0
9,57,False,200,2,2,11.0,26.0,78.0
9,58,True,100,2,3,20.0,34.0,66.0
9,59,False,350,0,2,31.0,51.0,92.0
9,60,True,500,3,0,16.0,33.0,53.0
10,1,True,500,1,3,13.0,34.0,86.0
10,2,True,200,2,2,11.0,36.0,71.0
10,3,False,400,0,0,33.0,51.0,71.0
10,4,True,150,0,2,35.0,60.0,109.0
10,5,True,300,0,2,18.0,42.0,78.0
10,6,False,500,1,1,22.0,43.0,71.0
10,7,True,200,3,2,31.0,45.0,71.0
10,8,False,150,0,2,30.0,50.0,104.0
10,9,False,300,0,0,8.0,20.0,80.0
10,10,True,200,0,0,33.0,48.0,68.0
10,11,False,200,0,3,10.0,27.0,83.0
10,12,False,150,0,3,30.0,45.0,88.0
10,13,True,500,0,3,28.0,40.0,71.0
10,14,True,300,2,2,9.0,28.0,52.0
10,15,False,500,2,3,32.0,46.0,78.0
10,16,False,400,3,2,15.0,36.0,73.0
10,17,True,250,0,1,22.0,46.0,85.0
10,18,False,50,0,3,26.0,41.0,97.0
10,19,True,350,0,0,26.0,39.0,84.0
10,20,False,50,0,3,21.0,46.0,99.0
10,21,False,150,0,1,19.0,38.0,61.0
10,22,False,50,2,1,23.0,45.0,104.0
10,23,True,150,0,3,31.0,51.0,74.0
10,24,True,250,0,0,20.0,32.0,69.0
10,25,False,50,2,1,31.0,46.0,99.0
10,26,True,500,0,0,21.0,35.0,59.0
10,27,True,450,2,2,19.0,37.0,80.0
10,28,False,200,0,0,20.0,42.0,75.0
10,29,False,350,3,1,33.0,48.0,70.0
10,30,False,150,2,2,13.0,29.0,57.0
10,31,False,450,0,0,10.0,30.0,72.0
10,32,True,350,1,3,28.0,41.0,86.0
10,33,True,300,0,3,23.0,46.0,68.0
10,34,True,50,3,2,13.0,36.0,58.0
10,35,False,250,0,1,34.0,53.0,93.0
10,36,False,450,0,2,20.0,32.0,64.0
10,37,False,50,2,2,9.0,32.0,73.0
10,38,True,250,0,0,31.0,52.0,76.0
10,39,False,250,2,3,29.0,41.0,64.0
10,40,True,150,0,0,8.0,22.0,68.0
10,41,True,150,2,1,23.0,48.0,82.0
10,42,False,500,1,3,10.0,35.0,64.0
10,43,True,450,0,1,29.0,48.0,79.0
10,44,False,250,0,3,8.0,30.0,53.0
10,45,True,250,2,1,23.0,39.0,68.0
10,46,True,400,0,2,22.0,43.0,73.0
10,47,True,200,0,3,31.0,51.0,101.0
10,48,False,500,0,2,15.0,34.0,89.0
10,49,False,300,0,1,18.0,42.0,63.0
10,50,False,200,0,1,21.0,36.0,87.0
10,51,True,50,3,2,22.0,46.0,73.0
10,52,True,100,0,3,28.0,45.0,72.0
10,53,True,100,0,0,16.0,42.0,63.0
10,54,False,350,0,0,26.0,50.0,106.0
10,55,True,250,2,0,11.0,36.0,78.0
10,56,False,100,0,0,13.0,38.0,88.0
10,57,False,250,0,0,10.0,22.0,76.0
10,58,False,50,0,2,29.0,52.0,73.0
10,59,False,400,1,3,30.0,50.0,102.0
10,60,False,500,1,2,33.0,51.0,83.0
11,1,True,400,0,3,22.0,34.0,94.0
11,2,True,400,0,0,19.0,43.0,98.0
11,3,False,250,1,0,23.0,48.0,86.0
11,4,True,450,3,2,8.0,25.0,49.0
11,5,False,150,1,1,24.0,50.0,80.0
11,6,True,500,3,0,26.0,39.0,77.0
11,7,False,400,0,0,34.0,58.0,95.0
11,8,False,400,0,0,29.0,47.0,98.0
11,9,False,350,0,0,19.0,44.0,80.0
11,10,False,450,0,0,31.0,47.0,92.0
11,11,False,300,1,1,15.0,36.0,59.0
11,12,False,500,3,2,15.0,27.0,83.0
11,13,False,350,1,1,8.0,26.0,71.0
11,14,False,150,0,3,11.0,27.0,73.0
11,15,True,450,0,0,22.0,35.0,59.0
11,16,True,100,3,3,20.0,36.0,73.0
11,17,False,100,0,3,21.0,33.0,73.0
11,18,False,150,3,0,32.0,57.0,87.0
11,19,True,150,3,1,11.0,27.0,69.0
11,20,False,350,3,3,20.0,44.0,85.0
11,21,True,300,3,3,22.0,42.0,97.0
11,22,False,400,0,0,30.0,46.0,104.0
11,23,False,400,0,3,16.0,34.0,56.0
11,24,True,200,1,3,22.0,34.0,80.0
11,25,True,300,0,3,33.0,48.0,95.0
11,26,False,150,0,1,20.0,40.0,72.0
11,27,False,250,0,0,35.0,49.0,97.0
11,28,True,200,3,3,10.0,30.0,70.0
11,29,True,400,2,0,14.0,38.0,61.0
11,30,True,250,0,0,21.0,43.0,102.0
11,31,True,350,2,1,29.0,49.0,79.0
11,32,True,400,1,2,33.0,57.0,90.0
11,33,False,150,2,2,23.0,42.0,63.0
11,34,False,400,2,3,19.0,37.0,87.0
11,35,False,150,0,0,25.0,42.0,66.0
11,36,False,100,0,0,35.0,56.0,86.0
11,37,False,50,0,1,35.0,60.0,93.0
11,38,False,150,0,1,25.0,41.0,87.0
11,39,False,250,0,3,20.0,34.0,89.0
11,40,False,400,0,0,15.0,30.0,81.0
11,41,True,50,0,1,28.0,41.0,88.0
11,42,False,50,0,1,10.0,33.0,89.0
11,43,True,150,1,2,34.0,53.0,99.0
11,44,False,100,0,0,23.0,42.0,63.0
11,45,True,200,0,0,16.0,41.0,100.0
11,46,False,350,0,0,16.0,28.0,63.0
11,47,True,350,0,3,30.0,48.0,79.0
11,48,False,200,0,1,12.0,24.0,83.0
11,49,True,200,3,0,26.0,47.0,75.0
11,50,False,50,1,3,8.0,20.0,40.0
11,51,True,100,1,0,19.0,45.0,89.0
11,52,False,500,0,0,10.0,27.0,59.0
11,53,False,300,0,2,30.0,45.0,82.0
11,54,True,150,0,0,16.0,33.0,73.0
11,55,False,500,0,2,33.0,53.0,110.0
11,56,False,500,3,3,29.0,48.0,69.0
11,57,False,50,1,2,32.0,55.0,115.0
11,58,True,150,0,0,20.0,45.0,75.0
11,59,False,300,2,0,34.0,53.0,87.0
11,60,True,350,3,3,35.0,57.0,103.0
12,1,True,300,0,3,31.0,49.0,85.0
12,2,True,350,0,0,29.0,51.0,89.0
12,3,True,350,1,2,32.0,53.0,93.0
12,4,False,100,3,1,29.0,49.0,76.0
12,5,False,450,3,2,12.0,33.0,80.0
12,6,False,500,1,3,25.0,38.0,93.0
12,7,False,50,2,0,17.0,43.0,79.0
12,8,True,50,0,2,29.0,47.0,88.0
12,9,False,200,1,3,24.0,45.0,77.0
12,10,False,250,2,1,9.0,23.0,45.0
12,11,True,250,0,3,12.0,24.0,48.0
12,12,False,100,1,3,31.0,51.0,100.0
12,13,True,350,0,0,25.0,41.0,80.0
12,14,True,100,0,2,31.0,54.0,98.0
12,15,False,100,1,0,28.0,46.0,102.0
12,16,True,200,0,0,16.0,30.0,89.0
12,17,False,350,0,3,27.0,45.0,93.0
12,18,False,100,0,0,8.0,26.0,70.0
12,19,True,300,2,2,34.0,48.0,70.0
12,20,False,250,3,3,14.0,33.0,62.0
12,21,True,450,2,3,31.0,54.0,114.0
12,22,True,300,1,0,18.0,30.0,82.0
12,23,True,150,1,0,33.0,54.0,81.0
12,24,False,250,0,0,25.0,45.0,99.0
12,25,True,100,2,0,11.0,23.0,50.0
12,26,False,250,0,2,15.0,36.0,87.0
12,27,False,400,0,1,13.0,34.0,54.0
12,28,True,400,0,3,25.0,44.0,86.0
12,29,False,100,1,3,20.0,46.0,80.0
12,30,False,250,3,0,14.0,31.0,82.0
12,31,True,500,3,3,24.0,37.0,64.0
12,32,False,150,3,0,27.0,47.0,95.0
12,33,False,100,0,3,12.0,29.0,63.0
12,34,True,200,0,0,23.0,49.0,77.0
12,35,True,400,2,0,9.0,31.0,56.0
12,36,True,250,1,1,31.0,50.0,77.0
12,37,True,50,0,2,16.0,32.0,85.0
12,38,False,500,2,1,9.0,33.0,80.0
12,39,False,300,0,0,14.0,39.0,76.0
12,40,False,450,0,3,29.0,41.0,76.0
12,41,False,400,1,3,24.0,50.0,83.0
12,42,False,350,1,3,17.0,32.0,76.0
12,43,True,350,0,0,35.0,57.0,91.0
12,44,False,500,0,0,30.0,45.0,69.0
12,45,False,100,0,0,11.0,26.0,49.0
12,46,True,450,0,0,27.0,49.0,104.0
12,47,True,450,0,3,32.0,46.0,94.0
12,48,True,200,1,2,9.0,22.0,72.0
12,49,True,400,2,3,12.0,33.0,93.0
12,50,False,300,0,0,25.0,47.0,71.0
12,51,True,500,0,0,16.0,32.0,55.0
12,52,False,150,0,3,10.0,35.0,86.0
12,53,True,150,0,0,18.0,38.0,74.0
12,54,False,100,3,2,23.0,47.0,97.0
12,55,True,200,3,0,14.0,27.0,74.0
12,56,False,350,0,3,11.0,30.0,64.0
12,57,False,150,0,0,27.0,48.0,103.0
12,58,False,250,0,1,15.0,41.0,87.0
12,59,False,100,0,3,28.0,47.0,104.0
12,60,True,350,0,3,23.0,41.0,95.0
13,1,True,300,3,1,27.0,44.0,93.0
13,2,False,500,0,1,13.0,29.0,56.0
13,3,True,500,2,2,16.0,34.0,70.0
13,4,True,500,3,3,21.0,33.0,69.0
13,5,True,100,0,0,23.0,36.0,79.0
13,6,False,450,3,1,9.0,35.0,77.0
13,7,True,100,0,3,17.0,39.0,81.0
13,8,False,500,2,2,31.0,56.0,91.0
13,9,False,400,1,2,14.0,37.0,77.0
13,10,True,300,1,1,24.0,38.0,69.0
13,11,False,100,2,1,10.0,28.0,72.0
13,12,False,350,0,3,32.0,51.0,94.0
13,13,False,50,2,1,21.0,40.0,96.0
13,14,True,300,0,0,18.0,35.0,59.0
13,15,False,250,2,2,9.0,28.0,68.0
13,16,True,250,0,0,35.0,58.0,111.0
13,17,False,50,2,0,33.0,48.0,107.0
13,18,True,300,0,0,20.0,38.0,97.0
13,19,False,350,0,3,24.0,45.0,82.0
13,20,False,300,0,1,16.0,37.0,58.0
13,21,True,350,0,2,15.0,31.0,60.0
13,22,False,500,2,1,21.0,39.0,80.0
13,23,True,50,1,0,26.0,50.0,100.0
13,24,False,200,0,3,29.0,42.0,71.0
13,25,False,300,1,3,34.0,57.0,103.0
13,26,False,150,1,0,9.0,29.0,55.0
13,27,False,350,3,2,18.0,37.0,80.0
13,28,False,200,3,2,32.0,49.0,72.0
13,29,False,200,0,0,29.0,51.0,100.0
13,30,True,250,0,0,25.0,48.0,84.0
13,31,False,500,2,2,16.0,37.0,68.0
13,32,True,400,0,0,9.0,34.0,93.0
13,33,False,250,3,2,12.0,34.0,70.0
13,34,True,250,2,0,19.0,42.0,72.0
13,35,True,300,3,3,17.0,30.0,75.0
13,36,False,450,3,1,19.0,42.0,74.0
13,37,True,350,0,3,17.0,30.0,71.0
13,38,False,300,0,1,11.0,29.0,61.0
13,39,True,150,0,0,8.0,20.0,70.0
13,40,True,100,1,1,35.0,56.0,101.0
13,41,True,50,2,1,30.0,53.0,110.0
13,42,False,500,2,3,10.0,24.0,45.0
13,43,True,150,2,3,10.0,23.0,47.0
13,44,False,300,0,1,14.0,31.0,52.0
13,45,True,200,0,2,27.0,46.0,78.0
13,46,False,300,3,0,17.0,30.0,71.0
13,47,True,200,0,1,15.0,34.0,93.0
13,48,False,100,0,0,18.0,40.0,97.0
13,49,False,150,2,1,26.0,43.0,65.0
13,50,False,300,0,0,21.0,45.0,98.0
13,51,True,300,0,0,17.0,32.0,90.0
13,52,False,300,1,3,17.0,38.0,78.0
13,53,False,300,3,1,23.0,35.0,68.0
13,54,False,100,2,2,25.0,43.0,98.0
13,55,True,100,0,0,29.0,53.0,91.0
13,56,False,100,1,2,29.0,48.0,73.0
13,57,True,200,0,0,12.0,30.0,87.0
13,58,True,300,1,2,30.0,48.0,71.0
13,59,False,300,0,1,34.0,52.0,109.0
13,60,False,300,1,2,17.0,34.0,57.0
14,1,False,100,0,3,20.0,39.0,64.0
14,2,True,350,0,0,27.0,51.0,91.0
14,3,False,350,1,0,16.0,34.0,72.0
14,4,True,500,0,2,12.0,35.0,94.0
14,5,False,400,0,2,21.0,35.0,61.0
14,6,False,350,0,3,25.0,45.0,92.0
14,7,False,400,0,0,19.0,41.0,96.0
14,8,True,150,1,3,17.0,36.0,79.0
14,9,True,300,0,1,27.0,47.0,96.0
14,10,True,50,0,3,18.0,35.0,58.0
14,11,True,250,0,2,29.0,55.0,86.0
14,12,True,350,1,1,33.0,48.0,102.0
14,13,False,250,0,3,31.0,49.0,72.0
14,14,True,400,3,2,11.0,26.0,49.0
14,15,False,500,0,0,29.0,46.0,75.0
14,16,False,50,0,2,11.0,36.0,79.0
14,17,False,100,0,1,31.0,56.0,81.0
14,18,True,200,1,0,20.0,41.0,97.0
14,19,False,500,0,3,22.0,36.0,91.0
14,20,False,100,0,0,31.0,52.0,100.0
14,21,False,100,0,0,34.0,55.0,107.0
14,22,False,400,3,0,35.0,53.0,98.0
14,23,False,400,0,1,16.0,42.0,70.0
14,24,True,200,0,1,18.0,41.0,89.0
14,25,False,500,2,1,29.0,42.0,75.0
14,26,True,250,2,3,10.0,34.0,58.0
14,27,False,500,0,3,25.0,40.0,77.0
14,28,False,400,0,1,15.0,29.0,51.0
14,29,True,200,0,3,21.0,35.0,86.0
14,30,True,450,2,3,21.0,46.0,87.0
14,31,False,200,0,0,17.0,43.0,96.0
14,32,True,350,0,0,12.0,33.0,79.0
14,33,False,150,0,1,32.0,55.0,93.0
14,34,False,250,2,3,14.0,37.0,60.0
14,35,False,50,3,1,28.0,45.0,97.0
14,36,False,350,3,0,12.0,25.0,70.0
14,37,True,150,0,3,33.0,49.0,82.0
14,38,False,200,0,0,29.0,45.0,80.0
14,39,False,200,2,2,30.0,56.0,92.0
14,40,False,400,0,0,14.0,38.0,95.0
14,41,False,500,0,0,13.0,33.0,62.0
14,42,True,200,2,0,14.0,31.0,91.0
14,43,False,350,0,0,11.0,35.0,83.0
14,44,False,200,0,0,10.0,36.0,91.0
14,45,False,200,0,3,18.0,32.0,71.0
14,46,False,150,3,0,14.0,28.0,67.0
14,47,True,50,1,2,21.0,39.0,72.0
14,48,True,250,1,1,34.0,58.0,85.0
14,49,False,150,0,2,12.0,31.0,59.0
14,50,True,300,0,3,19.0,34.0,60.0
14,51,False,50,2,2,25.0,48.0,81.0
14,52,False,350,0,2,25.0,51.0,101.0
14,53,True,400,0,1,33.0,53.0,76.0
14,54,False,100,3,0,14.0,28.0,82.0
14,55,False,250,1,3,24.0,47.0,76.0
14,56,True,100,0,3,33.0,59.0,105.0
14,57,False,150,0,0,17.0,31.0,55.0
14,58,False,350,3,1,14.0,34.0,91.0
14,59,False,100,0,3,16.0,42.0,90.0
14,60,False,150,0,0,18.0,36.0,74.0
15,1,False,400,0,1,10.0,30.0,89.0
15,2,True,400,0,0,19.0,36.0,77.0
15,3,False,350,1,3,9.0,34.0,67.0
15,4,False,350,0,3,28.0,43.0,89.0
15,5,True,450,0,1,31.0,53.0,95.0
15,6,False,350,0,0,13.0,25.0,81.0
15,7,False,450,0,1,14.0,39.0,77.0
15,8,True,150,0,1,13.0,37.0,93.0
15,9,True,150,0,3,27.0,49.0,99.0
15,10,False,500,0,2,12.0,27.0,51.0
15,11,False,350,2,1,27.0,53.0,87.0
15,12,False,100,1,3,11.0,34.0,66.0
15,13,False,100,0,0,22.0,39.0,97.0
15,14,False,100,0,2,9.0,23.0,47.0
15,15,True,100,3,2,23.0,36.0,57.0
15,16,False,350,1,1,34.0,51.0,79.0
15,17,False,500,3,1,12.0,28.0,51.0
15,18,False,250,2,1,21.0,43.0,78.0
15,19,False,250,1,3,11.0,32.0,65.0
15,20,True,500,0,2,25.0,49.0,79.0
15,21,False,200,0,3,13.0,25.0,66.0
15,22,True,100,3,2,20.0,41.0,85.0
15,23,False,100,0,3,21.0,44.0,77.0
15,24,True,250,0,0,21.0,37.0,62.0
15,25,False,400,0,3,20.0,35.0,86.0
15,26,False,300,2,3,19.0,39.0,71.0
15,27,False,450,3,1,31.0,48.0,81.0
15,28,True,200,0,2,31.0,47.0,71.0
15,29,True,50,3,3,14.0,38.0,71.0
15,30,False,100,0,2,34.0,57.0,77.0
15,31,True,400,0,3,25.0,51.0,89.0
15,32,True,500,3,2,11.0,32.0,83.0
15,33,False,400,2,1,21.0,46.0,88.0
15,34,False,250,0,2,8.0,21.0,59.0
15,35,True,350,2,1,12.0,38.0,63.0
15,36,False,250,2,1,16.0,34.0,94.0
15,37,True,400,1,3,34.0,58.0,78.0
15,38,True,50,2,3,8.0,28.0,80.0
15,39,False,450,0,1,15.0,37.0,71.0
15,40,True,300,0,2,33.0,51.0,77.0
15,41,False,400,3,0,21.0,37.0,82.0
15,42,False,450,0,0,21.0,41.0,68.0
15,43,False,150,1,2,23.0,44.0,78.0
15,44,True,200,0,3,33.0,56.0,89.0
15,45,True,450,3,2,12.0,26.0,61.0
15,46,False,500,3,2,31.0,51.0,78.0
15,47,True,150,0,0,14.0,35.0,95.0
15,48,False,200,1,2,20.0,41.0,98.0
15,49,True,500,0,0,28.0,52.0,78.0
15,50,False,50,2,3,23.0,38.0,74.0
15,51,False,300,3,1,21.0,37.0,83.0
15,52,False,500,1,1,28.0,46.0,80.0
15,53,True,150,0,2,13.0,27.0,74.0
15,54,False,100,2,3,15.0,33.0,74.0
15,55,False,100,0,0,26.0,48.0,72.0
15,56,False,350,0,0,33.0,59.0,92.0
15,57,True,350,2,0,11.0,35.0,59.0
15,58,False,350,0,3,8.0,25.0,79.0
15,59,False,350,0,3,15.0,38.0,97.0
15,60,True,500,0,0,13.0,36.0,87.0
16,1,False,450,0,3,27.0,40.0,91.0
16,2,False,200,0,3,30.0,53.0,109.0
16,3,False,250,0,0,11.0,32.0,83.0
16,4,True,450,0,0,20.0,43.0,75.0
16,5,False,150,2,3,13.0,25.0,64.0
16,6,False,350,1,2,29.0,52.0,93.0
16,7,True,500,2,1,19.0,42.0,95.0
16,8,True,150,0,0,25.0,44.0,96.0
16,9,True,200,1,1,34.0,56.0,97.0
16,10,False,100,2,1,11.0,29.0,84.0
16,11,True,150,0,3,25.0,48.0,75.0
16,12,False,50,0,1,35.0,48.0,90.0
16,13,False,450,2,0,25.0,51.0,105.0
16,14,True,450,2,2,26.0,40.0,77.0
16,15,False,450,0,2,35.0,60.0,112.0
16,16,True,500,3,1,20.0,40.0,94.0
16,17,False,300,1,3,16.0,33.0,85.0
16,18,True,300,0,3,22.0,37.0,73.0
16,19,False,200,1,0,13.0,29.0,53.0
16,20,False,250,0,0,14.0,36.0,83.0
16,21,True,500,0,0,14.0,38.0,84.0
16,22,False,350,2,1,14.0,27.0,81.0
16,23,False,300,3,3,21.0,33.0,60.0
16,24,False,400,0,0,32.0,45.0,101.0
16,25,False,250,0,0,27.0,49.0,96.0
16,26,True,400,3,0,25.0,50.0,80.0
16,27,False,300,3,0,33.0,52.0,103.0
16,28,True,300,2,1,25.0,48.0,84.0
16,29,True,50,3,0,28.0,41.0,63.0
16,30,False,400,2,3,13.0,29.0,50.0
16,31,True,300,0,0,10.0,34.0,92.0
16,32,False,450,0,3,21.0,47.0,92.0
16,33,False,350,0,1,9.0,30.0,77.0
16,34,False,450,0,0,10.0,30.0,70.0
16,35,False,350,0,1,30.0,51.0,105.0
16,36,False,350,0,0,24.0,43.0,65.0
16,37,False,200,2,2,16.0,42.0,102.0
16,38,False,150,0,0,16.0,36.0,96.0
16,39,True,300,3,3,21.0,39.0,81.0
16,40,False,300,0,0,20.0,36.0,75.0
16,41,True,500,3,3,17.0,41.0,66.0
16,42,False,400,0,3,8.0,22.0,49.0
16,43,True,300,1,0,15.0,31.0,66.0
16,44,False,250,1,2,21.0,37.0,76.0
16,45,False,250,1,1,33.0,48.0,97.0
16,46,False,150,0,2,29.0,54.0,103.0
16,47,False,250,0,3,13.0,34.0,75.0
16,48,True,100,0,0,12.0,37.0,73.0
16,49,False,350,2,2,24.0,48.0,101.0
16,50,True,350,3,1,19.0,37.0,67.0
16,51,True,350,0,0,9.0,25.0,73.0
16,52,True,500,0,0,24.0,43.0,72.0
16,53,False,400,0,2,8.0,23.0,43.0
16,54,True,300,0,1,14.0,30.0,58.0
16,55,False,300,1,1,23.0,36.0,65.0
16,56,False,350,0,0,18.0,38.0,62.0
16,57,False,100,1,2,10.0,31.0,59.0
16,58,False,350,3,3,17.0,42.0,66.0
16,59,False,500,0,1,18.0,41.0,89.0
16,60,False,300,0,3,30.0,55.0,94.0
17,1,False,150,0,0,27.0,46.0,90.0
17,2,False,200,3,0,22.0,45.0,92.0
17,3,False,50,2,0,24.0,46.0,86.0
17,4,False,450,0,1,9.0,29.0,75.0
17,5,True,350,1,0,29.0,46.0,74.0
17,6,True,500,1,2,28.0,54.0,77.0
17,7,False,100,0,0,15.0,31.0,71.0
17,8,True,50,0,2,17.0,33.0,83.0
17,9,True,250,2,2,9.0,31.0,63.0
17,10,False,250,1,2,31.0,53.0,74.0
17,11,False,300,0,0,27.0,48.0,99.0
17,12,True,250,2,0,14.0,32.0,81.0
17,13,True,450,0,0,10.0,34.0,65.0
17,14,False,400,2,2,23.0,47.0,107.0
17,15,False,100,3,3,14.0,36.0,75.0
17,16,False,150,0,3,20.0,33.0,62.0
17,17,True,150,2,0,29.0,46.0,92.0
17,18,False,300,0,1,8.0,22.0,59.0
17,19,False,450,0,3,12.0,26.0,52.0
17,20,False,400,3,1,19.0,36.0,73.0
17,21,False,450,1,3,23.0,45.0,100.0
17,22,False,150,3,2,12.0,26.0,66.0
17,23,False,150,1,0,12.0,38.0,62.0
17,24,True,400,0,2,11.0,29.0,86.0
17,25,False,250,3,1,31.0,45.0,71.0
17,26,False,350,3,2,13.0,30.0,78.0
17,27,False,150,2,3,13.0,39.0,81.0
17,28,True,400,2,3,26.0,52.0,109.0
17,29,False,300,0,0,12.0,38.0,82.0
17,30,True,500,0,1,33.0,56.0,95.0
17,31,False,450,0,3,35.0,49.0,87.0
17,32,False,150,0,3,19.0,38.0,64.0
17,33,False,450,0,0,25.0,47.0,97.0
17,34,False,400,0,0,33.0,47.0,95.0
17,35,True,500,0,1,13.0,34.0,85.0
17,36,False,350,1,1,35.0,61.0,118.0
17,37,True,350,0,0,31.0,50.0,86.0
17,38,False,300,0,0,32.0,45.0,70.0
17,39,False,450,2,3,10.0,26.0,81.0
17,40,False,450,3,0,25.0,49.0,86.0
17,41,True,450,0,0,8.0,20.0,80.0
17,42,False,350,2,1,15.0,37.0,84.0
17,43,True,200,0,1,27.0,48.0,88.0
17,44,False,200,2,2,26.0,48.0,93.0
17,45,False,50,1,2,26.0,50.0,109.0
17,46,False,150,2,2,18.0,32.0,89.0
17,47,False,350,2,0,14.0,39.0,85.0
17,48,False,400,0,0,35.0,59.0,95.0
17,49,False,250,1,3,30.0,48.0,91.0
17,50,True,200,2,2,13.0,33.0,93.0
17,51,False,200,1,3,35.0,61.0,118.0
17,52,True,200,0,1,33.0,51.0,74.0
17,53,False,400,1,2,27.0,53.0,100.0
17,54,True,250,2,1,16.0,37.0,73.0
17,55,False,50,1,2,21.0,46.0,88.0
17,56,False,200,1,0,24.0,49.0,85.0
17,57,False,400,0,3,31.0,51.0,91.0
17,58,True,300,0,0,10.0,24.0,57.0
17,59,True,200,2,1,19.0,35.0,60.0
17,60,False,450,2,0,32.0,46.0,104.0
18,1,True,250,0,0,33.0,58.0,118.0
18,2,False,400,0,3,16.0,31.0,73.0
18,3,False,250,0,3,21.0,38.0,63.0
18,4,True,150,0,2,30.0,45.0,71.0
18,5,False,250,2,3,20.0,43.0,84.0
18,6,False,450,2,1,30.0,46.0,98.0
18,7,True,200,0,0,32.0,54.0,88.0
18,8,True,350,0,0,16.0,41.0,87.0
18,9,False,100,1,3,31.0,45.0,87.0
18,10,True,400,2,3,33.0,49.0,86.0
18,11,False,400,0,2,20.0,39.0,62.0
18,12,True,450,0,3,17.0,37.0,88.0
18,13,False,500,3,1,23.0,46.0,73.0
18,14,False,350,0,3,9.0,27.0,61.0
18,15,True,150,0,1,30.0,54.0,113.0
18,16,True,350,3,1,18.0,36.0,63.0
18,17,True,200,1,2,17.0,36.0,72.0
18,18,False,150,3,1,29.0,49.0,90.0
18,19,False,50,2,3,27.0,49.0,94.0
18,20,False,500,0,0,17.0,32.0,83.0
18,21,False,250,3,2,24.0,48.0,80.0
18,22,False,50,0,1,12.0,38.0,76.0
18,23,False,300,2,3,10.0,23.0,54.0
18,24,False,100,3,0,9.0,31.0,72.0
18,25,False,300,0,1,22.0,39.0,97.0
18,26,True,450,1,2,35.0,61.0,107.0
18,27,False,450,0,0,33.0,58.0,79.0
18,28,False,350,2,0,14.0,32.0,57.0
18,29,True,400,0,0,12.0,36.0,73.0
18,30,False,100,0,2,19.0,45.0,95.0
18,31,False,400,1,3,12.0,37.0,78.0
18,32,False,50,0,1,27.0,51.0,86.0
18,33,False,100,3,3,27.0,50.0,78.0
18,34,True,150,0,1,31.0,55.0,82.0
18,35,False,150,0,0,30.0,55.0,91.0
18,36,False,150,0,0,30.0,44.0,71.0
18,37,True,150,3,0,12.0,24.0,44.0
18,38,False,500,0,2,26.0,44.0,89.0
18,39,False,450,0,2,18.0,38.0,87.0
18,40,False,250,0,3,32.0,58.0,118.0
18,41,True,400,1,3,15.0,30.0,70.0
18,42,True,350,0,1,13.0,29.0,71.0
18,43,False,250,3,3,26.0,40.0,71.0
18,44,False,300,0,0,8.0,34.0,58.0
18,45,True,400,3,1,23.0,43.0,66.0
18,46,True,100,0,1,23.0,47.0,90.0
18,47,False,200,0,3,34.0,53.0,112.0
18,48,True,500,0,3,29.0,44.0,72.0
18,49,False,250,0,2,11.0,35.0,56.0
18,50,True,400,3,1,31.0,44.0,66.0
18,51,True,100,0,3,30.0,56.0,89.0
18,52,False,300,0,2,28.0,53.0,85.0
18,53,False,350,0,3,33.0,48.0,85.0
18,54,False,200,1,2,27.0,44.0,85.0
18,55,True,500,0,3,32.0,55.0,102.0
18,56,True,150,0,3,27.0,45.0,91.0
18,57,False,500,0,1,17.0,43.0,72.0
18,58,False,250,1,3,31.0,50.0,82.0
18,59,False,250,0,0,8.0,30.0,53.0
18,60,False,350,0,2,10.0,33.0,83.0
19,1,False,300,0,0,24.0,47.0,70.0
19,2,False,100,0,2,28.0,52.0,80.0
19,3,True,400,0,3,29.0,42.0,79.0
19,4,True,250,0,0,12.0,33.0,71.0
19,5,False,150,2,3,31.0,47.0,90.0
19,6,True,150,0,0,18.0,32.0,68.0
19,7,False,150,3,0,31.0,54.0,78.0
19,8,False,500,0,0,32.0,46.0,100.0
19,9,False,400,0,0,29.0,43.0,101.0
19,10,False,250,0,0,32.0,50.0,83.0
19,11,False,300,0,2,24.0,36.0,63.0
19,12,False,250,0,0,18.0,44.0,84.0
19,13,True,300,0,0,19.0,44.0,77.0
19,14,False,150,1,3,26.0,49.0,97.0
19,15,True,450,2,1,20.0,46.0,68.0
19,16,True,400,0,0,29.0,54.0,84.0
19,17,False,350,1,0,24.0,36.0,89.0
19,18,True,250,0,3,35.0,59.0,107.0
19,19,True,250,3,0,22.0,48.0,84.0
19,20,True,450,2,3,13.0,38.0,95.0
19,21,False,50,0,1,19.0,37.0,73.0
19,22,True,300,2,0,30.0,51.0,97.0
19,23,False,100,2,3,30.0,42.0,75.0
19,24,False,500,2,0,14.0,31.0,82.0
19,25,False,150,0,2,34.0,54.0,112.0
19,26,False,350,3,2,26.0,44.0,87.0
19,27,False,150,0,0,22.0,36.0,90.0
19,28,False,400,2,0,29.0,47.0,107.0
19,29,True,450,0,2,13.0,29.0,70.0
19,30,False,500,0,3,27.0,39.0,86.0
19,31,False,350,0,3,9.0,31.0,85.0
19,32,False,100,3,3,35.0,52.0,72.0
19,33,True,150,3,2,15.0,38.0,88.0
19,34,True,350,3,3,29.0,51.0,97.0
19,35,False,250,1,2,17.0,43.0,85.0
19,36,True,200,2,0,12.0,32.0,90.0
19,37,False,300,0,3,16.0,35.0,77.0
19,38,False,500,0,0,25.0,46.0,88.0
19,39,False,450,3,3,27.0,47.0,95.0
19,40,True,350,0,2,21.0,44.0,85.0
19,41,True,400,3,1,23.0,47.0,98.0
19,42,False,450,0,3,17.0,29.0,50.0
19,43,False,500,0,3,18.0,39.0,73.0
19,44,True,100,3,1,10.0,32.0,92.0
19,45,False,200,1,1,29.0,52.0,109.0
19,46,False,300,0,0,20.0,34.0,80.0
19,47,True,300,0,1,24.0,46.0,71.0
19,48,True,100,3,3,14.0,34.0,86.0
19,49,False,150,0,3,11.0,33.0,74.0
19,50,False,100,1,3,20.0,45.0,67.0
19,51,False,300,0,2,15.0,30.0,61.0
19,52,True,400,3,3,26.0,47.0,78.0
19,53,False,300,0,2,27.0,43.0,69.0
19,54,False,400,2,1,24.0,40.0,86.0
19,55,False,100,0,3,18.0,39.0,93.0
19,56,False,350,0,1,34.0,54.0,110.0
19,57,False,350,0,0,34.0,49.0,98.0
19,58,False,100,0,0,11.0,25.0,54.0
19,59,False,450,2,3,14.0,39.0,59.0
19,60,False,200,1,0,26.0,44.0,104.0
20,1,True,400,1,3,20.0,39.0,68.0
20,2,True,300,2,0,11.0,30.0,59.0
20,3,True,150,1,0,35.0,48.0,78.0
20,4,False,200,0,0,15.0,40.0,62.0
20,5,False,350,1,0,18.0,33.0,60.0
20,6,False,300,3,0,13.0,26.0,76.0
20,7,False,50,0,3,25.0,38.0,80.0
20,8,False,500,3,1,33.0,48.0,105.0
20,9,True,150,0,0,27.0,47.0,78.0
20,10,False,150,0,0,18.0,34.0,68.0
20,11,False,300,2,3,13.0,39.0,99.0
20,12,True,350,0,0,18.0,30.0,51.0
20,13,True,450,0,1,10.0,28.0,55.0
20,14,True,500,0,0,18.0,33.0,82.0
20,15,False,500,0,0,9.0,33.0,84.0
20,16,False,400,1,3,23.0,36.0,78.0
20,17,True,500,3,3,21.0,44.0,73.0
20,18,False,100,3,0,10.0,34.0,79.0
20,19,False,200,0,2,31.0,50.0,77.0
20,20,True,300,2,0,8.0,21.0,59.0
20,21,True,100,0,0,26.0,38.0,58.0
20,22,False,400,3,2,34.0,52.0,103.0
20,23,False,200,3,0,8.0,32.0,81.0
20,24,True,400,0,2,25.0,44.0,80.0
20,25,True,250,3,0,26.0,44.0,77.0
20,26,True,350,3,0,30.0,44.0,69.0
20,27,True,500,2,0,17.0,34.0,90.0
20,28,False,200,0,1,19.0,34.0,92.0
20,29,False,450,2,3,26.0,38.0,91.0
20,30,False,300,2,3,31.0,48.0,78.0
20,31,False,500,0,0,23.0,40.0,60.0
20,32,False,100,2,2,18.0,41.0,87.0
20,33,False,150,0,2,25.0,47.0,92.0
20,34,False,350,0,0,27.0,46.0,94.0
20,35,False,200,0,2,28.0,48.0,88.0
20,36,True,250,1,3,29.0,43.0,71.0
20,37,True,300,0,0,15.0,39.0,98.0
20,38,True,50,0,3,15.0,33.0,71.0
20,39,False,100,2,0,10.0,36.0,96.0
20,40,True,250,0,0,12.0,37.0,89.0
20,41,True,250,2,1,26.0,51.0,79.0
20,42,True,150,0,1,16.0,40.0,92.0
20,43,True,450,0,3,18.0,38.0,75.0
20,44,True,150,3,0,18.0,38.0,90.0
20,45,False,150,0,2,25.0,47.0,91.0
20,46,False,150,2,0,29.0,50.0,92.0
20,47,True,200,0,1,16.0,33.0,56.0
20,48,True,500,3,0,30.0,44.0,98.0
20,49,True,400,2,1,8.0,29.0,77.0
20,50,True,50,0,3,30.0,44.0,79.0
20,51,False,500,3,3,28.0,46.0,100.0
20,52,False,150,2,0,9.0,25.0,63.0
20,53,True,100,0,1,9.0,30.0,87.0
20,54,False,200,1,1,23.0,48.0,95.0
20,55,True,450,0,0,15.0,31.0,60.0
20,56,False,450,0,1,15.0,33.0,93.0
20,57,False,300,2,2,17.0,34.0,91.0
20,58,True,500,0,1,15.0,32.0,86.0
20,59,True,400,2,3,10.0,33.0,80.0
20,60,False,100,2,1,35.0,52.0,105.0
21,1,False,150,0,0,26.0,44.0,83.0
21,2,True,400,0,3,21.0,40.0,82.0
21,3,False,300,2,0,20.0,36.0,84.0
21,4,False,250,3,1,31.0,50.0,94.0
21,5,False,350,2,2,33.0,53.0,74.0
21,6,True,300,0,0,35.0,61.0,115.0
21,7,False,150,0,0,25.0,38.0,59.0
21,8,False,350,0,1,35.0,50.0,82.0
21,9,False,100,0,1,10.0,35.0,73.0
21,10,False,250,1,3,19.0,34.0,93.0
21,11,True,200,0,0,32.0,55.0,85.0
21,12,False,300,1,3,9.0,27.0,69.0
21,13,False,350,0,0,24.0,37.0,74.0
21,14,True,500,0,2,26.0,47.0,67.0
21,15,False,400,0,0,17.0,39.0,88.0
21,16,True,450,2,0,10.0,27.0,49.0
21,17,False,250,0,0,9.0,25.0,84.0
21,18,True,500,2,2,21.0,39.0,66.0
21,19,False,200,2,1,28.0,41.0,98.0
21,20,False,100,1,0,10.0,28.0,51.0
21,21,False,200,0,3,28.0,42.0,78.0
21,22,False,100,0,3,34.0,52.0,109.0
21,23,False,150,2,1,10.0,25.0,77.0
21,24,False,400,0,1,17.0,40.0,75.0
21,25,False,500,0,0,10.0,33.0,53.0
21,26,True,450,0,3,11.0,31.0,91.0
21,27,False,200,0,2,29.0,53.0,107.0
21,28,True,450,2,3,29.0,42.0,88.0
21,29,False,400,1,1,27.0,41.0,88.0
21,30,False,350,0,0,35.0,58.0,107.0
21,31,False,50,0,1,14.0,38.0,78.0
21,32,True,350,0,2,14.0,31.0,62.0
21,33,True,450,0,0,28.0,52.0,98.0
21,34,False,150,0,0,34.0,57.0,94.0
21,35,False,200,0,3,17.0,35.0,72.0
21,36,True,300,0,0,24.0,41.0,79.0
21,37,False,450,2,1,11.0,24.0,68.0
21,38,False,450,0,0,8.0,23.0,80.0
21,39,True,300,1,0,17.0,41.0,61.0
21,40,False,500,1,3,30.0,47.0,74.0
21,41,True,250,3,1,19.0,39.0,71.0
21,42,False,450,2,3,13.0,35.0,55.0
21,43,False,300,0,3,19.0,45.0,86.0
21,44,False,400,2,3,20.0,34.0,93.0
21,45,True,100,0,0,25.0,42.0,82.0
21,46,False,250,0,0,30.0,52.0,110.0
21,47,False,100,1,1,9.0,21.0,49.0
21,48,True,250,0,0,9.0,22.0,80.0
21,49,False,400,3,1,11.0,24.0,45.0
21,50,False,350,0,0,19.0,31.0,52.0
21,51,True,350,3,3,11.0,36.0,90.0
21,52,False,500,0,2,35.0,49.0,94.0
21,53,False,400,1,2,35.0,55.0,95.0
21,54,True,350,0,0,14.0,37.0,57.0
21,55,True,500,0,3,18.0,35.0,64.0
21,56,False,400,0,1,16.0,32.0,79.0
21,57,False,50,2,2,15.0,37.0,64.0
21,58,False,250,1,0,20.0,32.0,71.0
21,59,False,450,0,2,11.0,37.0,84.0
21,60,False,450,2,2,21.0,36.0,69.0
22,1,True,400,2,3,25.0,50.0,75.0
22,2,False,400,0,0,18.0,35.0,91.0
22,3,False,300,0,3,33.0,50.0,78.0
22,4,False,200,3,3,24.0,42.0,72.0
22,5,False,250,3,1,19.0,44.0,76.0
22,6,False,400,0,1,21.0,34.0,85.0
22,7,False,400,0,3,17.0,38.0,59.0
22,8,True,350,1,1,8.0,26.0,63.0
22,9,True,450,0,2,18.0,38.0,64.0
22,10,False,250,0,2,19.0,37.0,60.0
22,11,False,250,0,1,22.0,43.0,67.0
22,12,False,200,1,2,22.0,44.0,73.0
22,13,False,300,0,0,33.0,58.0,97.0
22,14,True,300,0,3,29.0,54.0,84.0
22,15,True,100,0,3,21.0,39.0,83.0
22,16,True,400,0,0,28.0,49.0,95.0
22,17,True,350,2,0,10.0,36.0,85.0
22,18,True,100,0,2,30.0,46.0,69.0
22,19,True,450,3,2,23.0,45.0,81.0
22,20,False,500,1,1,16.0,41.0,67.0
22,21,True,500,0,0,32.0,56.0,107.0
22,22,True,200,0,3,17.0,42.0,72.0
22,23,True,300,0,0,9.0,30.0,57.0
22,24,False,350,3,0,15.0,39.0,91.0
22,25,True,350,2,2,14.0,26.0,72.0
22,26,False,300,0,0,22.0,38.0,71.0
22,27,False,350,0,0,15.0,35.0,62.0
22,28,False,200,3,1,17.0,38.0,73.0
22,29,True,100,0,2,27.0,49.0,71.0
22,30,True,150,0,0,23.0,39.0,70.0
22,31,True,450,2,1,15.0,40.0,65.0
22,32,False,500,0,1,31.0,55.0,114.0
22,33,True,500,3,0,16.0,38.0,71.0
22,34,False,400,0,1,24.0,50.0,82.0
22,35,True,450,0,3,21.0,40.0,62.0
22,36,False,350,3,2,30.0,49.0,100.0
22,37,True,150,0,0,24.0,39.0,95.0
22,38,True,100,0,0,8.0,31.0,66.0
22,39,True,450,0,2,27.0,39.0,97.0
22,40,False,300,1,1,14.0,30.0,72.0
22,41,False,150,2,0,16.0,39.0,67.0
22,42,False,200,3,2,29.0,47.0,87.0
22,43,True,100,2,1,25.0,48.0,105.0
22,44,False,150,1,1,8.0,22.0,82.0
22,45,False,200,0,3,10.0,29.0,79.0
22,46,True,350,1,0,20.0,36.0,84.0
22,47,True,350,3,1,29.0,46.0,104.0
22,48,True,450,0,1,34.0,60.0,112.0
22,49,False,300,1,2,28.0,52.0,77.0
22,50,True,400,1,2,13.0,31.0,66.0
22,51,True,100,3,1,22.0,43.0,74.0
22,52,False,150,1,0,11.0,30.0,57.0
22,53,True,200,2,3,8.0,24.0,80.0
22,54,False,150,3,1,15.0,35.0,71.0
22,55,False,250,2,2,16.0,36.0,56.0
22,56,False,100,0,0,12.0,36.0,68.0
22,57,True,400,1,0,25.0,39.0,67.0
22,58,True,400,0,1,26.0,39.0,59.0
22,59,False,300,1,1,31.0,53.0,89.0
22,60,False,50,0,2,14.0,34.0,79.0
23,1,True,200,0,0,16.0,36.0,88.0
23,2,True,200,0,0,26.0,41.0,74.0
23,3,False,500,3,0,32.0,53.0,99.0
23,4,False,200,0,3,18.0,30.0,50.0
23,5,False,350,1,3,19.0,42.0,77.0
23,6,False,100,3,2,14.0,40.0,83.0
23,7,False,500,0,0,14.0,30.0,86.0
23,8,False,450,1,1,34.0,47.0,71.0
23,9,False,500,0,0,15.0,30.0,53.0
23,10,False,150,2,2,23.0,48.0,73.0
23,11,True,350,1,2,30.0,53.0,89.0
23,12,False,150,3,2,34.0,56.0,92.0
23,13,True,100,0,2,34.0,51.0,105.0
23,14,False,250,0,3,15.0,30.0,88.0
23,15,False,200,1,0,18.0,43.0,74.0
23,16,True,50,2,3,17.0,35.0,88.0
23,17,False,400,1,1,26.0,47.0,78.0
23,18,False,500,3,2,35.0,55.0,88.0
23,19,False,450,0,0,14.0,30.0,86.0
23,20,False,100,0,0,31.0,50.0,104.0
23,21,False,250,3,0,11.0,27.0,78.0
23,22,False,200,0,1,20.0,36.0,56.0
23,23,True,50,0,3,17.0,38.0,71.0
23,24,True,450,0,1,18.0,37.0,80.0
23,25,False,100,2,3,14.0,35.0,61.0
23,26,True,200,0,1,19.0,34.0,88.0
23,27,False,50,2,3,13.0,36.0,81.0
23,28,False,100,1,0,22.0,37.0,75.0
23,29,True,50,2,2,35.0,58.0,93.0
23,30,False,300,0,0,12.0,30.0,61.0
23,31,False,500,1,0,32.0,53.0,85.0
23,32,False,250,0,0,9.0,25.0,49.0
23,33,True,100,0,0,8.0,25.0,46.0
23,34,False,50,2,2,16.0,35.0,56.0
23,35,False,250,0,3,26.0,46.0,100.0
23,36,True,300,0,1,10.0,31.0,64.0
23,37,False,400,2,1,8.0,27.0,74.0
23,38,False,200,1,3,14.0,27.0,58.0
23,39,True,250,1,3,20.0,39.0,93.0
23,40,False,300,0,1,13.0,32.0,75.0
23,41,True,150,1,3,24.0,40.0,86.0
23,42,False,500,1,1,28.0,49.0,84.0
23,43,True,500,0,2,26.0,39.0,94.0
23,44,True,400,0,3,35.0,56.0,113.0
23,45,True,350,2,3,35.0,47.0,76.0
23,46,False,450,0,1,17.0,31.0,64.0
23,47,True,300,2,3,8.0,25.0,59.0
23,48,False,50,0,2,34.0,59.0,84.0
23,49,True,350,3,3,16.0,40.0,97.0
23,50,False,200,3,2,33.0,59.0,79.0
23,51,False,150,3,3,35.0,50.0,82.0
23,52,True,350,0,0,8.0,29.0,87.0
23,53,False,400,1,2,23.0,44.0,77.0
23,54,False,50,1,0,10.0,32.0,60.0
23,55,False,400,0,0,20.0,36.0,66.0
23,56,True,200,0,0,12.0,33.0,82.0
23,57,False,50,2,1,34.0,46.0,89.0
23,58,False,50,0,1,29.0,48.0,79.0
23,59,False,200,0,1,30.0,56.0,89.0
23,60,True,350,0,0,34.0,57.0,116.0
24,1,True,100,3,2,27.0,41.0,80.0
24,2,True,500,0,2,19.0,45.0,97.0
24,3,False,50,1,0,8.0,21.0,58.0
24,4,False,100,2,1,14.0,35.0,86.0
24,5,True,450,2,2,23.0,45.0,72.0
24,6,True,100,0,0,26.0,46.0,66.0
24,7,False,200,0,0,33.0,59.0,81.0
24,8,False,50,3,3,31.0,43.0,84.0
24,9,True,50,3,2,15.0,40.0,74.0
24,10,True,500,1,1,11.0,27.0,75.0
24,11,True,300,3,2,20.0,33.0,67.0
24,12,False,250,0,0,29.0,52.0,104.0
24,13,False,100,0,2,35.0,57.0,89.0
24,14,True,300,0,0,32.0,48.0,75.0
24,15,True,300,0,1,26.0,41.0,100.0
24,16,False,200,0,2,28.0,48.0,100.0
24,17,False,500,0,0,14.0,33.0,92.0
24,18,True,250,3,0,26.0,48.0,103.0
24,19,False,400,1,1,17.0,32.0,74.0
24,20,False,400,3,1,9.0,32.0,82.0
24,21,False,350,2,3,15.0,37.0,61.0
24,22,False,200,0,1,22.0,40.0,79.0
24,23,True,100,0,0,14.0,31.0,66.0
24,24,True,300,2,1,15.0,29.0,84.0
24,25,True,300,2,3,10.0,32.0,72.0
24,26,False,400,1,3,14.0,26.0,84.0
24,27,False,300,0,3,17.0,35.0,74.0
24,28,False,100,0,0,32.0,51.0,76.0
24,29,True,300,2,3,31.0,51.0,81.0
24,30,False,250,0,0,14.0,31.0,68.0
24,31,True,100,2,0,10.0,24.0,67.0
24,32,True,400,0,0,33.0,47.0,71.0
24,33,False,400,0,0,15.0,32.0,85.0
24,34,True,50,2,1,22.0,43.0,90.0
24,35,False,300,1,1,21.0,44.0,104.0
24,36,True,500,3,1,23.0,47.0,86.0
24,37,False,500,0,3,27.0,42.0,90.0
24,38,False,300,0,2,9.0,34.0,90.0
24,39,True,400,0,0,21.0,47.0,71.0
24,40,False,300,0,1,14.0,32.0,56.0
24,41,False,200,0,2,10.0,36.0,62.0
24,42,True,400,0,0,31.0,56.0,86.0
24,43,False,100,0,3,19.0,37.0,82.0
24,44,True,250,0,2,9.0,24.0,70.0
24,45,True,200,3,1,9.0,32.0,91.0
24,46,False,300,0,1,16.0,37.0,96.0
24,47,True,50,0,3,16.0,38.0,74.0
24,48,True,500,0,2,20.0,38.0,82.0
24,49,False,350,2,2,19.0,45.0,80.0
24,50,True,300,0,3,28.0,42.0,98.0
24,51,True,250,0,0,23.0,46.0,84.0
24,52,False,300,0,0,9.0,35.0,63.0
24,53,True,400,0,3,17.0,29.0,66.0
24,54,False,200,0,0,33.0,48.0,80.0
24,55,False,150,0,0,28.0,43.0,64.0
24,56,False,250,1,2,9.0,23.0,66.0
24,57,True,200,1,2,11.0,35.0,80.0
24,58,True,50,0,2,12.0,27.0,68.0
24,59,False,350,0,1,21.0,33.0,56.0
24,60,False,100,1,3,13.0,28.0,78.0
25,1,False,350,1,2,18.0,40.0,99.0
25,2,False,350,0,3,16.0,28.0,66.0
25,3,True,450,0,1,12.0,33.0,79.0
25,4,False,450,0,0,17.0,32.0,62.0
25,5,False,250,0,0,8.0,34.0,80.0
25,6,False,450,0,0,26.0,50.0,108.0
25,7,False,400,2,2,10.0,33.0,65.0
25,8,False,100,0,1,12.0,32.0,84.0
25,9,False,450,0,1,12.0,28.0,88.0
25,10,True,400,0,2,9.0,35.0,59.0
25,11,False,250,0,2,9.0,35.0,68.0
25,12,False,300,3,1,12.0,24.0,74.0
25,13,False,250,0,1,34.0,60.0,80.0
25,14,True,250,2,0,34.0,56.0,92.0
25,15,False,500,3,1,29.0,41.0,85.0
25,16,True,300,0,0,21.0,35.0,76.0
25,17,False,500,3,0,34.0,60.0,105.0
25,18,False,100,0,0,33.0,52.0,94.0
25,19,True,500,2,0,32.0,44.0,95.0
25,20,False,400,3,2,27.0,47.0,77.0
25,21,True,300,1,0,31.0,55.0,81.0
25,22,False,150,0,3,31.0,56.0,84.0
25,23,True,150,3,2,16.0,32.0,59.0
25,24,True,400,0,0,18.0,30.0,87.0
25,25,True,250,1,2,18.0,35.0,75.0
25,26,True,400,0,0,22.0,39.0,65.0
25,27,False,200,2,2,17.0,30.0,80.0
25,28,False,300,0,1,31.0,49.0,91.0
25,29,False,350,0,0,25.0,40.0,74.0
25,30,False,300,3,0,28.0,48.0,79.0
25,31,False,50,0,1,25.0,44.0,96.0
25,32,False,350,0,2,13.0,34.0,83.0
25,33,False,200,0,0,34.0,47.0,89.0
25,34,False,50,3,3,33.0,49.0,80.0
25,35,False,250,2,0,14.0,39.0,99.0
25,36,False,150,3,1,32.0,50.0,105.0
25,37,False,350,1,1,19.0,43.0,72.0
25,38,True,350,0,0,25.0,43.0,94.0
25,39,False,350,0,2,20.0,43.0,94.0
25,40,False,150,1,3,8.0,30.0,81.0
25,41,True,200,0,1,16.0,39.0,74.0
25,42,True,250,1,0,28.0,51.0,90.0
25,43,False,150,2,0,15.0,29.0,67.0
25,44,True,350,1,2,33.0,49.0,83.0
25,45,True,200,0,3,9.0,32.0,84.0
25,46,False,150,3,3,21.0,43.0,74.0
25,47,True,450,0,0,24.0,47.0,68.0
25,48,False,150,0,3,8.0,31.0,80.0
25,49,False,50,0,3,8.0,26.0,56.0
25,50,True,200,0,1,30.0,43.0,95.0
25,51,True,150,1,3,34.0,56.0,89.0
25,52,True,300,3,1,17.0,31.0,89.0
25,53,False,100,3,2,35.0,52.0,104.0
25,54,False,150,0,0,33.0,50.0,91.0
25,55,False,300,0,2,24.0,38.0,61.0
25,56,True,350,0,3,30.0,49.0,87.0
25,57,False,50,2,3,14.0,28.0,52.0
25,58,False,400,0,0,19.0,40.0,90.0
25,59,False,200,0,1,13.0,31.0,75.0
25,60,False,400,0,0,31.0,55.0,81.0
26,1,True,300,0,2,32.0,51.0,93.0
26,2,True,400,0,3,13.0,34.0,72.0
26,3,True,150,2,3,24.0,45.0,80.0
26,4,False,450,0,1,24.0,48.0,92.0
26,5,False,300,2,0,8.0,25.0,70.0
26,6,False,250,0,3,19.0,44.0,80.0
26,7,False,100,2,0,26.0,49.0,71.0
26,8,True,300,0,0,18.0,34.0,63.0
26,9,True,100,0,0,9.0,30.0,78.0
26,10,True,200,1,2,19.0,36.0,68.0
26,11,False,100,2,3,16.0,41.0,63.0
26,12,True,200,0,2,16.0,28.0,52.0
26,13,False,250,0,0,9.0,33.0,55.0
26,14,False,100,1,3,34.0,55.0,108.0
26,15,False,400,1,3,31.0,47.0,79.0
26,16,True,300,0,0,15.0,34.0,86.0
26,17,True,200,0,0,33.0,54.0,111.0
26,18,True,200,3,2,33.0,48.0,69.0
26,19,True,150,1,0,18.0,41.0,62.0
26,20,False,200,3,0,11.0,34.0,74.0
26,21,False,150,0,1,29.0,44.0,76.0
26,22,True,400,0,0,14.0,28.0,84.0
26,23,False,250,0,2,22.0,41.0,76.0
26,24,False,200,2,1,19.0,39.0,89.0
26,25,False,250,0,2,31.0,50.0,77.0
26,26,True,300,0,0,16.0,39.0,65.0
26,27,True,200,0,0,22.0,35.0,56.0
26,28,False,450,1,0,17.0,29.0,62.0
26,29,True,150,0,3,17.0,42.0,82.0
26,30,False,300,0,0,27.0,41.0,91.0
26,31,True,50,2,1,15.0,32.0,67.0
26,32,False,350,0,0,33.0,45.0,87.0
26,33,True,150,2,2,12.0,37.0,80.0
26,34,False,500,0,1,18.0,35.0,55.0
26,35,True,300,0,0,14.0,29.0,61.0
26,36,False,50,0,2,30.0,52.0,78.0
26,37,True,500,1,3,33.0,59.0,111.0
26,38,True,450,0,0,31.0,49.0,85.0
26,39,True,150,0,0,15.0,30.0,53.0
26,40,True,400,0,1,22.0,46.0,87.0
26,41,False,200,3,0,17.0,42.0,92.0
26,42,True,250,0,0,29.0,41.0,84.0
26,43,True,200,0,0,8.0,33.0,56.0
26,44,True,250,3,0,27.0,43.0,100.0
26,45,True,450,0,0,20.0,37.0,83.0
26,46,True,100,3,3,32.0,54.0,94.0
26,47,False,300,0,2,33.0,48.0,84.0
26,48,True,300,2,1,31.0,57.0,81.0
26,49,False,400,3,0,17.0,35.0,93.0
26,50,False,300,0,1,35.0,53.0,73.0
26,51,False,250,0,3,25.0,41.0,66.0
26,52,False,300,2,2,21.0,44.0,89.0
26,53,True,500,3,3,19.0,31.0,60.0
26,54,False,100,0,1,21.0,41.0,80.0
26,55,False,100,2,0,12.0,24.0,79.0
26,56,True,300,0,1,23.0,37.0,71.0
26,57,False,400,3,0,12.0,32.0,91.0
26,58,True,100,0,0,31.0,51.0,85.0
26,59,True,50,0,2,10.0,22.0,50.0
26,60,False,100,3,0,14.0,40.0,77.0
27,1,True,400,0,0,35.0,59.0,83.0
27,2,False,100,0,2,29.0,43.0,67.0
27,3,False,50,2,3,32.0,56.0,107.0
27,4,False,100,0,0,30.0,45.0,96.0
27,5,False,300,2,2,35.0,53.0,79.0
27,6,False,100,3,3,24.0,41.0,91.0
27,7,False,350,3,1,18.0,36.0,92.0
27,8,False,350,3,2,9.0,27.0,50.0
27,9,True,500,0,0,34.0,53.0,75.0
27,10,False,250,0,0,10.0,30.0,71.0
27,11,False,150,0,0,34.0,53.0,95.0
27,12,False,450,0,0,31.0,49.0,102.0
27,13,True,250,0,2,21.0,37.0,64.0
27,14,False,500,3,3,8.0,23.0,75.0
27,15,True,350,0,2,28.0,49.0,76.0
27,16,False,450,0,0,23.0,39.0,75.0
27,17,False,500,2,1,21.0,36.0,81.0
27,18,False,150,3,1,10.0,25.0,48.0
27,19,False,100,0,3,29.0,46.0,93.0
27,20,True,50,3,0,23.0,44.0,87.0
27,21,False,450,0,2,30.0,54.0,106.0
27,22,True,200,0,2,35.0,51.0,98.0
27,23,True,450,1,0,20.0,32.0,80.0
27,24,True,300,0,2,9.0,23.0,63.0
27,25,False,500,0,0,17.0,30.0,81.0
27,26,False,100,1,3,30.0,45.0,68.0
27,27,False,400,0,0,23.0,41.0,86.0
27,28,False,150,3,3,23.0,47.0,73.0
27,29,True,50,0,1,30.0,56.0,79.0
27,30,False,100,3,1,20.0,33.0,83.0
27,31,False,50,3,2,34.0,57.0,89.0
27,32,False,250,1,1,11.0,32.0,77.0
27,33,False,200,0,2,20.0,42.0,92.0
27,34,False,450,0,0,12.0,32.0,81.0
27,35,False,200,0,3,26.0,47.0,86.0
27,36,False,150,0,0,29.0,52.0,98.0
27,37,True,500,0,0,28.0,48.0,89.0
27,38,False,350,0,0,35.0,54.0,111.0
27,39,True,250,0,3,16.0,34.0,54.0
27,40,False,400,0,0,13.0,25.0,58.0
27,41,False,250,2,1,34.0,60.0,86.0
27,42,True,250,0,0,18.0,31.0,65.0
27,43,False,200,0,0,25.0,41.0,98.0
27,44,False,250,0,0,8.0,23.0,45.0
27,45,True,350,0,0,30.0,47.0,84.0
27,46,False,500,0,1,28.0,45.0,65.0
27,47,False,150,0,3,10.0,29.0,66.0
27,48,False,50,1,2,23.0,42.0,80.0
27,49,True,200,0,0,29.0,51.0,90.0
27,50,False,200,2,2,13.0,35.0,95.0
27,51,False,150,0,1,18.0,32.0,54.0
27,52,True,150,0,2,18.0,40.0,72.0
27,53,False,400,3,0,11.0,24.0,52.0
27,54,True,400,0,0,26.0,38.0,98.0
27,55,False,200,1,0,24.0,37.0,84.0
27,56,False,250,2,2,13.0,25.0,79.0
27,57,False,300,3,2,18.0,38.0,85.0
27,58,False,500,0,2,30.0,44.0,66.0
27,59,False,400,0,3,34.0,58.0,97.0
27,60,False,150,0,3,27.0,40.0,74.0
28,1,False,250,0,0,11.0,33.0,90.0
28,2,True,450,3,1,30.0,56.0,102.0
28,3,True,500,0,2,8.0,27.0,71.0
28,4,False,300,0,0,33.0,47.0,100.0
28,5,True,50,0,1,24.0,50.0,102.0
28,6,True,150,1,1,18.0,41.0,80.0
28,7,False,450,0,0,8.0,33.0,59.0
28,8,False,50,3,2,14.0,31.0,70.0
28,9,False,250,0,0,31.0,47.0,89.0
28,10,False,50,0,1,32.0,45.0,76.0
28,11,False,100,3,3,33.0,50.0,87.0
28,12,False,500,2,1,17.0,32.0,71.0
28,13,True,450,3,1,19.0,40.0,73.0
28,14,False,250,3,0,10.0,28.0,55.0
28,15,True,300,0,2,24.0,41.0,93.0
28,16,True,450,0,3,23.0,45.0,85.0
28,17,True,400,2,0,23.0,38.0,64.0
28,18,True,200,1,1,19.0,45.0,85.0
28,19,False,450,1,0,12.0,32.0,57.0
28,20,True,200,0,0,8.0,32.0,59.0
28,21,True,200,3,3,8.0,29.0,62.0
28,22,True,300,0,1,9.0,35.0,81.0
28,23,False,200,1,0,34.0,46.0,66.0
28,24,False,300,1,3,27.0,53.0,77.0
28,25,True,400,3,0,24.0,38.0,82.0
28,26,False,400,0,3,15.0,41.0,83.0
28,27,True,500,0,3,23.0,43.0,91.0
28,28,False,250,3,1,28.0,43.0,64.0
28,29,True,450,3,0,17.0,37.0,63.0
28,30,False,500,0,3,30.0,50.0,76.0
28,31,False,350,0,2,29.0,55.0,96.0
28,32,False,50,0,1,18.0,40.0,77.0
28,33,False,150,0,0,8.0,22.0,48.0
28,34,False,450,0,0,24.0,44.0,97.0
28,35,False,350,2,2,32.0,47.0,95.0
28,36,False,200,2,0,33.0,57.0,80.0
28,37,False,150,3,3,29.0,54.0,90.0
28,38,True,200,1,0,21.0,44.0,84.0
28,39,True,200,0,0,24.0,36.0,58.0
28,40,False,500,3,0,35.0,52.0,94.0
28,41,False,200,0,1,23.0,41.0,76.0
28,42,True,50,0,2,26.0,45.0,66.0
28,43,False,100,0,0,31.0,47.0,90.0
28,44,False,50,2,1,12.0,27.0,53.0
28,45,False,500,0,0,12.0,29.0,88.0
28,46,False,100,2,2,20.0,38.0,78.0
28,47,False,400,0,0,25.0,42.0,80.0
28,48,False,300,0,2,24.0,39.0,93.0
28,49,False,400,0,0,16.0,41.0,66.0
28,50,False,300,3,1,24.0,41.0,86.0
28,51,True,100,0,0,14.0,36.0,68.0
28,52,False,350,0,0,9.0,28.0,68.0
28,53,False,50,3,2,35.0,57.0,101.0
28,54,False,200,0,1,16.0,41.0,75.0
28,55,False,250,0,0,15.0,32.0,64.0
28,56,True,100,0,2,26.0,51.0,87.0
28,57,True,350,0,2,19.0,45.0,79.0
28,58,True,250,2,3,12.0,30.0,50.0
28,59,False,150,0,1,15.0,35.0,55.0
28,60,True,100,2,0,13.0,31.0,65.0
29,1,False,500,0,2,29.0,53.0,98.0
29,2,False,300,0,2,26.0,49.0,105.0
29,3,False,450,0,0,35.0,52.0,102.0
29,4,True,450,3,0,9.0,35.0,59.0
29,5,False,50,3,1,19.0,35.0,91.0
29,6,True,500,2,3,13.0,36.0,87.0
29,7,False,400,0,1,30.0,47.0,81.0
29,8,True,50,1,3,14.0,39.0,66.0
29,9,False,400,0,0,14.0,32.0,52.0
29,10,True,100,1,1,16.0,35.0,93.0
29,11,True,500,0,2,24.0,40.0,78.0
29,12,False,100,2,2,19.0,39.0,84.0
29,13,False,250,2,1,14.0,35.0,85.0
29,14,True,250,0,0,34.0,52.0,109.0
29,15,True,400,1,1,31.0,44.0,64.0
29,16,True,100,0,0,17.0,31.0,55.0
29,17,False,150,0,2,10.0,31.0,69.0
29,18,False,50,2,1,25.0,46.0,106.0
29,19,False,200,1,2,22.0,36.0,75.0
29,20,False,350,0,1,31.0,54.0,110.0
29,21,True,250,1,0,8.0,29.0,53.0
29,22,False,400,0,0,35.0,49.0,106.0
29,23,True,200,0,0,13.0,32.0,69.0
29,24,False,400,3,1,24.0,47.0,68.0
29,25,False,100,2,2,29.0,54.0,109.0
29,26,False,300,3,0,34.0,46.0,93.0
29,27,False,500,0,2,28.0,43.0,79.0
29,28,False,450,0,2,18.0,40.0,91.0
29,29,False,300,1,1,24.0,41.0,98.0
29,30,False,150,2,2,25.0,50.0,91.0
29,31,True,400,0,0,10.0,30.0,63.0
29,32,True,200,3,0,17.0,40.0,66.0
29,33,False,500,0,3,26.0,39.0,63.0
29,34,True,200,2,1,9.0,34.0,61.0
29,35,True,300,2,2,30.0,51.0,102.0
29,36,True,200,0,2,14.0,26.0,67.0
29,37,True,250,0,0,35.0,57.0,97.0
29,38,False,100,0,2,33.0,52.0,88.0
29,39,True,100,0,1,21.0,35.0,70.0
29,40,False,300,0,0,9.0,21.0,53.0
29,41,False,100,2,0,26.0,49.0,97.0
29,42,False,200,2,3,26.0,40.0,68.0
29,43,False,200,0,1,10.0,33.0,53.0
29,44,False,150,2,1,29.0,44.0,66.0
29,45,False,150,2,3,17.0,41.0,62.0
29,46,False,500,0,0,10.0,33.0,85.0
29,47,False,150,0,0,34.0,47.0,80.0
29,48,False,50,0,1,14.0,28.0,56.0
29,49,False,50,0,3,32.0,46.0,66.0
29,50,False,450,0,1,11.0,37.0,88.0
29,51,False,400,0,1,11.0,27.0,51.0
29,52,True,150,0,2,30.0,53.0,111.0
29,53,True,100,1,3,22.0,37.0,57.0
29,54,True,400,0,0,18.0,41.0,96.0
29,55,False,350,1,1,12.0,25.0,58.0
29,56,False,500,0,2,14.0,34.0,90.0
29,57,False,250,0,2,34.0,57.0,100.0
29,58,False,400,0,3,11.0,29.0,56.0
29,59,False,200,1,0,31.0,51.0,72.0
29,60,False,400,2,0,35.0,50.0,101.0
30,1,True,300,1,3,27.0,44.0,91.0
30,2,False,350,0,3,12.0,24.0,79.0
30,3,True,450,0,1,12.0,35.0,93.0
30,4,False,150,0,3,13.0,25.0,52.0
30,5,False,350,0,2,26.0,39.0,78.0
30,6,True,400,0,2,28.0,48.0,83.0
30,7,True,500,0,2,32.0,58.0,89.0
30,8,True,500,1,0,26.0,40.0,68.0
30,9,False,200,0,3,14.0,38.0,60.0
30,10,False,150,2,1,26.0,47.0,78.0
30,11,False,100,0,1,25.0,48.0,95.0
30,12,False,200,2,1,14.0,30.0,58.0
30,13,False,100,0,0,35.0,56.0,104.0
30,14,True,50,2,0,17.0,43.0,79.0
30,15,False,250,1,0,17.0,43.0,97.0
30,16,False,450,2,3,11.0,31.0,84.0
30,17,False,200,0,0,35.0,57.0,90.0
30,18,True,150,0,3,32.0,57.0,100.0
30,19,False,400,0,2,14.0,39.0,90.0
30,20,True,150,0,0,34.0,51.0,111.0
30,21,False,50,0,2,30.0,50.0,91.0
30,22,True,200,0,3,24.0,46.0,77.0
30,23,True,300,0,0,16.0,34.0,66.0
30,24,False,50,1,3,22.0,36.0,70.0
30,25,True,450,3,1,27.0,39.0,78.0
30,26,True,500,0,0,14.0,26.0,69.0
30,27,True,100,3,3,16.0,41.0,87.0
30,28,False,450,0,0,32.0,49.0,107.0
30,29,True,100,3,0,26.0,52.0,98.0
30,30,True,100,0,0,29.0,50.0,101.0
30,31,False,100,2,3,25.0,37.0,86.0
30,32,False,500,0,0,26.0,42.0,98.0
30,33,True,350,0,0,28.0,45.0,98.0
30,34,True,100,0,0,12.0,24.0,65.0
30,35,False,250,0,1,8.0,25.0,76.0
30,36,True,250,0,3,31.0,55.0,89.0
30,37,False,350,0,1,20.0,32.0,83.0
30,38,False,50,1,0,14.0,29.0,69.0
30,39,True,100,0,0,8.0,32.0,85.0
30,40,True,100,1,3,12.0,38.0,66.0
30,41,False,400,0,3,29.0,49.0,78.0
30,42,False,50,3,2,34.0,55.0,85.0
30,43,False,200,3,0,21.0,34.0,83.0
30,44,False,50,1,3,17.0,35.0,88.0
30,45,False,350,0,1,21.0,36.0,85.0
30,46,True,400,0,0,23.0,41.0,66.0
30,47,False,300,0,3,28.0,44.0,76.0
30,48,False,100,3,0,12.0,34.0,88.0
30,49,True,450,2,2,11.0,33.0,59.0
30,50,False,250,0,0,13.0,29.0,75.0
30,51,True,400,0,1,10.0,29.0,67.0
30,52,False,50,1,3,9.0,30.0,53.0
30,53,False,400,1,3,17.0,43.0,100.0
30,54,False,100,0,3,17.0,36.0,74.0
30,55,False,500,0,2,35.0,59.0,113.0
30,56,False,100,0,1,14.0,27.0,56.0
30,57,False,500,2,2,28.0,41.0,87.0
30,58,True,200,3,3,31.0,54.0,103.0
30,59,False,150,0,0,35.0,60.0,100.0
30,60,False,100,2,1,17.0,37.0,69.0
