policy,seed,benefit,completed_tasks,completion_rate,relevant_completion_rate,average_response_time,makespan,flight_time,failures,invalid_actions,steps
Greedy online,0,0.6844718060409022,6,1.0,0.8333333333333334,13.833333333333334,65.0,28.97697756839498,0,0,17
PPO,0,0.7169797950133666,6,1.0,0.8333333333333334,12.666666666666666,56.0,27.737680478028192,0,0,15
Greedy online,1,0.6943177700374887,6,1.0,0.8333333333333334,15.166666666666666,55.0,25.5107808281518,1,0,15
PPO,1,0.6273964267498275,6,1.0,0.6666666666666666,17.833333333333332,63.0,27.990438890997545,2,0,14
Greedy online,2,0.7103700067427797,6,1.0,0.8333333333333334,10.5,58.0,32.73833952089921,1,0,16
PPO,2,0.7288787648704139,6,1.0,0.8333333333333334,10.0,55.0,26.568888671872504,0,0,15
Greedy online,3,0.7967641415090116,6,1.0,1.0,13.0,46.0,31.997030799995397,0,0,15
PPO,3,0.882859515119133,6,1.0,1.0,13.5,47.0,31.378089667022664,0,0,14
Greedy online,4,0.8220538818082983,6,1.0,0.8333333333333334,13.0,67.0,30.223749775639398,0,0,14
PPO,4,0.8922981189687849,6,1.0,1.0,11.666666666666666,56.0,32.10558940399114,0,0,15
Greedy online,5,0.35083171797967644,5,0.8333333333333334,0.3333333333333333,14.0,74.0,27.02879860495019,1,0,13
PPO,5,0.3400951277948375,6,1.0,0.3333333333333333,17.666666666666668,79.0,29.208141250039212,1,0,15
Greedy online,6,0.7320918370172068,6,1.0,0.8333333333333334,12.666666666666666,56.0,30.512755231471026,0,0,14
PPO,6,0.7429113900413894,6,1.0,0.8333333333333334,11.5,51.0,28.346196993228084,0,0,14
Greedy online,7,0.8940044794818411,6,1.0,1.0,15.833333333333334,39.0,24.545567682736774,0,0,14
PPO,7,0.9750408239700907,6,1.0,1.0,17.5,46.0,30.284684864240205,0,0,15
Greedy online,8,0.9548234803244191,6,1.0,1.0,16.166666666666668,52.0,30.747747268253114,1,0,16
PPO,8,0.93017649968495,6,1.0,1.0,16.5,47.0,29.860525071511848,1,0,16
Greedy online,9,0.7567369124994464,6,1.0,0.8333333333333334,13.166666666666666,55.0,31.014958058803415,1,0,16
PPO,9,0.6965531860127284,6,1.0,0.6666666666666666,15.833333333333334,58.0,34.139639936939716,1,0,16
Greedy online,10,0.6843578442806822,6,1.0,0.6666666666666666,15.333333333333334,56.0,33.76358640733883,0,0,16
PPO,10,0.7267303620857106,6,1.0,0.6666666666666666,12.0,55.0,29.58700402775944,0,0,14
Greedy online,11,0.6776426923809318,6,1.0,0.8333333333333334,11.5,54.0,31.748543021963698,0,0,16
PPO,11,0.6719753502972274,6,1.0,0.8333333333333334,11.333333333333334,53.0,32.294673258195985,0,0,16
Greedy online,12,0.6767647617266528,5,0.8333333333333334,0.8333333333333334,12.0,56.0,25.311834724592625,1,0,16
PPO,12,0.7264757310047504,6,1.0,0.8333333333333334,11.666666666666666,55.0,28.72485969934961,1,0,16
Greedy online,13,0.7741467750706023,6,1.0,0.8333333333333334,17.166666666666668,45.0,30.97479069733904,1,0,14
PPO,13,0.8895205989279902,6,1.0,0.8333333333333334,15.666666666666666,45.0,30.18613521952811,0,0,13
Greedy online,14,0.8457882961451011,6,1.0,0.8333333333333334,11.666666666666666,47.0,31.727905131194984,0,0,14
PPO,14,0.8457882961451011,6,1.0,0.8333333333333334,11.666666666666666,47.0,31.727905131194984,0,0,14
Greedy online,15,0.6770233630462907,6,1.0,0.8333333333333334,14.0,58.0,31.911303569748952,0,0,14
PPO,15,0.823381192845355,6,1.0,1.0,12.166666666666666,58.0,30.018660371123932,0,0,14
Greedy online,16,0.6710930684738458,6,1.0,0.8333333333333334,17.666666666666668,66.0,34.12375116643834,1,0,17
PPO,16,0.6943018608579089,6,1.0,0.8333333333333334,15.0,52.0,36.96447600724089,0,0,16
Greedy online,17,0.6912391775168525,6,1.0,0.8333333333333334,11.666666666666666,64.0,37.531968730124866,0,0,17
PPO,17,0.69053495178544,5,0.8333333333333334,0.8333333333333334,9.6,51.0,27.838852599008945,0,0,14
Greedy online,18,0.8143840871784397,6,1.0,1.0,17.5,52.0,30.74732427061041,1,0,16
PPO,18,0.7835887356921175,6,1.0,0.8333333333333334,18.666666666666668,53.0,31.511494493298525,1,0,16
Greedy online,19,0.6352052552772526,6,1.0,0.6666666666666666,11.333333333333334,63.0,31.99618497248759,0,0,14
PPO,19,0.641833844060118,6,1.0,0.6666666666666666,10.833333333333334,63.0,31.46236128279486,0,0,14
Greedy online,20,0.5312948406898003,6,1.0,0.5,12.666666666666666,63.0,34.03721213400721,0,0,14
PPO,20,0.5281154950267656,6,1.0,0.5,12.0,60.0,31.45264397482527,0,0,14
Greedy online,21,0.5978593124929852,6,1.0,0.6666666666666666,18.0,58.0,29.976749939914008,2,0,16
PPO,21,0.5762242690775691,6,1.0,0.5,18.166666666666668,55.0,31.516167881085444,2,0,16
Greedy online,22,0.95351235973934,6,1.0,1.0,12.333333333333334,42.0,27.22167138683836,0,0,14
PPO,22,0.9439878613097222,6,1.0,1.0,14.0,47.0,31.868129281439742,0,0,15
Greedy online,23,0.7602234103856519,6,1.0,0.8333333333333334,10.666666666666666,57.0,28.863669479567154,0,0,15
PPO,23,0.766824048239342,6,1.0,0.8333333333333334,11.333333333333334,57.0,28.845709191412983,0,0,14
Greedy online,24,0.7676080217782549,6,1.0,0.8333333333333334,11.333333333333334,64.0,23.732755568470665,0,0,14
PPO,24,0.7791252021581627,6,1.0,0.8333333333333334,11.333333333333334,52.0,31.473719506253655,0,0,16
Greedy online,25,0.7293496407420916,6,1.0,0.8333333333333334,10.666666666666666,60.0,31.929144035027136,0,0,14
PPO,25,0.720581670639882,6,1.0,0.8333333333333334,11.333333333333334,56.0,36.22754873264141,0,0,15
Greedy online,26,0.8547752056836606,6,1.0,1.0,11.0,49.0,29.95922932182923,0,0,16
PPO,26,0.8473717507213863,6,1.0,1.0,10.666666666666666,49.0,31.541250517751113,0,0,15
Greedy online,27,0.674183266595499,6,1.0,0.8333333333333334,11.833333333333334,60.0,32.086877385807306,0,0,15
PPO,27,0.674183266595499,6,1.0,0.8333333333333334,11.833333333333334,60.0,32.09655057625785,0,0,15
Greedy online,28,0.9693198208747943,6,1.0,1.0,15.666666666666666,42.0,29.844523536379313,0,0,12
PPO,28,0.957402955280747,6,1.0,1.0,18.833333333333332,50.0,29.274890482457202,1,0,13
Greedy online,29,0.6507134768072421,6,1.0,0.6666666666666666,14.166666666666666,58.0,33.05333861516405,0,0,14
PPO,29,0.6904970598971975,6,1.0,0.6666666666666666,12.666666666666666,59.0,34.40314872196313,0,0,14
Greedy online,30,0.8479342076991128,6,1.0,1.0,12.166666666666666,47.0,35.924899061098515,0,0,15
PPO,30,0.8479342076991128,6,1.0,1.0,12.0,47.0,35.88343411654637,0,0,16
Greedy online,31,0.8163723416531424,6,1.0,0.8333333333333334,15.166666666666666,49.0,28.092488411037046,0,0,12
PPO,31,0.9526434292653962,6,1.0,1.0,15.833333333333334,47.0,27.261557978548097,0,0,12
Greedy online,32,0.9350612847270476,6,1.0,1.0,16.166666666666668,55.0,29.19450894931052,1,0,13
PPO,32,0.92470745463259,6,1.0,1.0,16.333333333333332,54.0,27.960085622269705,1,0,14
Greedy online,33,0.6118037637492844,6,1.0,0.5,13.333333333333334,72.0,34.00809634180103,0,0,18
PPO,33,0.6084716891569241,6,1.0,0.5,13.333333333333334,72.0,34.02357291448995,0,0,17
Greedy online,34,0.6463331608145347,6,1.0,0.6666666666666666,10.833333333333334,55.0,37.45067441380825,0,0,15
PPO,34,0.6463331608145347,6,1.0,0.6666666666666666,10.833333333333334,55.0,37.45067441380825,0,0,15
Greedy online,35,0.5725116926841426,6,1.0,0.6666666666666666,12.333333333333334,64.0,34.84728364752371,0,0,15
PPO,35,0.5147665024783414,6,1.0,0.5,12.5,62.0,37.00697770360881,0,0,16
Greedy online,36,0.7916559594778259,6,1.0,0.6666666666666666,9.666666666666666,57.0,35.509396698377756,0,0,16
PPO,36,0.7916559594778259,6,1.0,0.6666666666666666,9.666666666666666,57.0,35.509396698377756,0,0,16
Greedy online,37,0.6877785351529877,6,1.0,0.6666666666666666,13.666666666666666,58.0,33.374381241290855,0,0,15
PPO,37,0.7831119628150884,6,1.0,0.8333333333333334,13.5,58.0,33.23354888386128,0,0,15
Greedy online,38,0.8170567375157134,6,1.0,0.8333333333333334,11.833333333333334,39.0,27.42390706998671,0,0,15
PPO,38,0.8323995629284958,6,1.0,0.8333333333333334,12.166666666666666,39.0,25.345393383840104,0,0,15
Greedy online,39,0.863026875846808,6,1.0,0.8333333333333334,19.166666666666668,62.0,31.340496993937634,2,0,15
PPO,39,0.8782498483927896,6,1.0,1.0,19.0,62.0,30.179753128710445,2,0,15
Greedy online,40,0.7529400830538255,6,1.0,0.8333333333333334,12.833333333333334,57.0,28.5002223464946,0,0,13
PPO,40,0.7577083632308124,6,1.0,0.8333333333333334,12.5,54.0,28.62000910379441,0,0,13
Greedy online,41,0.7239924561563882,6,1.0,1.0,12.833333333333334,59.0,36.41194378951403,0,0,17
PPO,41,0.7563123826180687,6,1.0,1.0,12.0,58.0,35.920145193357726,0,0,16
Greedy online,42,0.8053120909294047,6,1.0,0.8333333333333334,16.5,50.0,34.01653254132209,0,0,15
PPO,42,0.9397417296553228,6,1.0,1.0,16.833333333333332,46.0,36.166086097087586,0,0,14
Greedy online,43,0.9158031139365657,6,1.0,1.0,14.166666666666666,50.0,35.6790397599185,0,0,16
PPO,43,0.9158031139365657,6,1.0,1.0,14.166666666666666,50.0,35.6790397599185,0,0,16
Greedy online,44,0.7614534337028781,6,1.0,0.8333333333333334,18.166666666666668,59.0,30.60275257560277,1,0,13
PPO,44,0.7614534337028781,6,1.0,0.8333333333333334,18.166666666666668,59.0,30.60275257560277,1,0,13
Greedy online,45,0.7402366309524965,6,1.0,0.8333333333333334,26.333333333333332,57.0,30.89456142195072,1,0,13
PPO,45,0.9216290030320151,6,1.0,1.0,26.166666666666668,47.0,30.824644821963638,1,0,13
Greedy online,46,0.6443068787360542,6,1.0,0.6666666666666666,15.0,53.0,36.12400057095495,0,0,17
PPO,46,0.6810052075513472,6,1.0,0.6666666666666666,14.666666666666666,53.0,35.84587588566607,0,0,15
Greedy online,47,0.730932745451299,6,1.0,0.8333333333333334,14.833333333333334,54.0,34.20376476174941,0,0,15
PPO,47,0.7678391480738609,6,1.0,0.8333333333333334,14.0,42.0,30.84840827855062,0,0,16
Greedy online,48,0.7115061219041243,6,1.0,0.8333333333333334,14.166666666666666,54.0,26.796784620417622,0,0,14
PPO,48,0.8303564830310095,6,1.0,1.0,12.0,54.0,26.843252653892783,0,0,14
Greedy online,49,0.8394099125540397,6,1.0,0.8333333333333334,13.0,41.0,24.702066719587005,0,0,14
PPO,49,0.9539090543811835,6,1.0,1.0,14.166666666666666,43.0,26.773916651755982,0,0,14
Greedy online,50,0.7387755104950955,6,1.0,0.6666666666666666,12.5,62.0,29.874538162035577,0,0,15
PPO,50,0.7827684410132529,6,1.0,0.8333333333333334,11.5,61.0,26.264171715326,0,0,15
Greedy online,51,0.7530480784748634,6,1.0,0.6666666666666666,11.0,65.0,32.12466515939871,0,0,15
PPO,51,0.7927193087968292,6,1.0,0.8333333333333334,9.833333333333334,58.0,34.43961478568096,0,0,16
Greedy online,52,0.7458108262196137,6,1.0,0.8333333333333334,15.666666666666666,46.0,31.025981304492415,0,0,14
PPO,52,0.868836225299187,6,1.0,1.0,11.666666666666666,46.0,27.353576981180307,0,0,14
Greedy online,53,0.6024486678926307,6,1.0,0.6666666666666666,12.0,53.0,27.000729059358605,0,0,13
PPO,53,0.6048787922596596,6,1.0,0.6666666666666666,9.333333333333334,53.0,24.642891494671815,0,0,13
Greedy online,54,0.6669394353859603,6,1.0,1.0,14.833333333333334,70.0,32.99280497622054,2,0,18
PPO,54,0.6595156086764185,6,1.0,0.8333333333333334,13.5,67.0,32.30980679007567,1,0,18
Greedy online,55,0.7915728007383618,6,1.0,0.6666666666666666,12.333333333333334,62.0,32.9334004440951,1,0,15
PPO,55,0.8508638240419107,6,1.0,0.8333333333333334,11.333333333333334,64.0,33.65591568750888,1,0,15
Greedy online,56,0.6029510549455186,6,1.0,0.6666666666666666,12.833333333333334,75.0,32.55354787270671,1,0,17
PPO,56,0.5857640053912292,6,1.0,0.5,12.833333333333334,75.0,32.55354787270671,1,0,17
Greedy online,57,0.8746591333081953,6,1.0,0.8333333333333334,11.833333333333334,61.0,28.067105809780518,0,0,13
PPO,57,0.872462094597833,6,1.0,0.8333333333333334,13.0,59.0,31.640992146073604,0,0,15
Greedy online,58,0.7357515305192363,6,1.0,0.8333333333333334,10.333333333333334,61.0,28.201865138875615,1,0,15
PPO,58,0.7357515305192363,6,1.0,0.8333333333333334,10.333333333333334,61.0,28.49871228109252,1,0,15
Greedy online,59,0.8028306463103237,6,1.0,0.8333333333333334,11.833333333333334,58.0,36.44732712584949,0,0,16
PPO,59,0.8028306463103237,6,1.0,0.8333333333333334,11.833333333333334,58.0,36.553235098660835,0,0,16
Greedy online,60,0.8256272355478076,6,1.0,0.8333333333333334,11.5,61.0,34.429584987362084,0,0,16
PPO,60,0.8830137663492876,6,1.0,1.0,9.833333333333334,51.0,33.586207878001105,0,0,15
Greedy online,61,0.7423336741247774,6,1.0,0.8333333333333334,11.833333333333334,47.0,33.86173825959223,0,0,14
PPO,61,0.7232431758030855,6,1.0,0.8333333333333334,13.166666666666666,52.0,33.03483145818391,0,0,15
Greedy online,62,0.7706116983314848,6,1.0,0.8333333333333334,10.5,62.0,34.952303248161606,0,0,16
PPO,62,0.7706116983314848,6,1.0,0.8333333333333334,10.5,62.0,34.94823648024673,0,0,16
Greedy online,63,0.742351051440311,6,1.0,0.8333333333333334,15.833333333333334,47.0,29.992999762050417,0,0,12
PPO,63,0.8270362854151418,6,1.0,1.0,15.5,46.0,32.05355674572535,0,0,14
Greedy online,64,0.5358457451870844,6,1.0,0.6666666666666666,11.0,57.0,34.43786187873194,0,0,16
PPO,64,0.5358457451870844,6,1.0,0.6666666666666666,10.833333333333334,57.0,34.356704804789906,0,0,15
Greedy online,65,0.7308222797644682,6,1.0,1.0,10.0,55.0,32.35341667903387,0,0,16
PPO,65,0.7052169142107916,6,1.0,0.8333333333333334,10.666666666666666,55.0,32.78340175999909,0,0,15
Greedy online,66,0.815861574261587,6,1.0,0.8333333333333334,12.166666666666666,62.0,35.65395506059971,0,0,15
PPO,66,0.815861574261587,6,1.0,0.8333333333333334,12.166666666666666,62.0,35.65395506059971,0,0,15
Greedy online,67,0.7390707560023632,6,1.0,0.6666666666666666,10.5,61.0,34.32181294239997,0,0,16
PPO,67,0.7413552980454252,6,1.0,0.6666666666666666,10.333333333333334,60.0,33.90259925045164,0,0,16
Greedy online,68,0.6312716736095422,6,1.0,0.6666666666666666,10.666666666666666,63.0,32.949919420190774,0,0,16
PPO,68,0.6377402614870696,6,1.0,0.6666666666666666,9.666666666666666,57.0,35.38347037954969,0,0,17
Greedy online,69,0.8463624941097018,6,1.0,1.0,12.166666666666666,53.0,32.68314659351941,0,0,16
PPO,69,0.8704380948107104,6,1.0,1.0,12.166666666666666,58.0,35.53297063116562,2,0,17
Greedy online,70,0.7247337622179251,6,1.0,0.8333333333333334,15.833333333333334,50.0,28.586905525103294,1,0,16
PPO,70,0.777393037235172,6,1.0,1.0,18.833333333333332,60.0,28.566376080532013,1,0,17
Greedy online,71,0.800150848956379,6,1.0,0.6666666666666666,13.833333333333334,54.0,30.143669274102624,0,0,15
PPO,71,0.9151641704794647,6,1.0,0.8333333333333334,13.833333333333334,53.0,25.71050004966928,0,0,13
Greedy online,72,0.7786805537284849,6,1.0,0.8333333333333334,9.833333333333334,61.0,35.781548336066635,0,0,16
PPO,72,0.7786805537284849,6,1.0,0.8333333333333334,9.833333333333334,61.0,35.781548336066635,0,0,16
Greedy online,73,0.6969669517524847,6,1.0,0.8333333333333334,14.833333333333334,53.0,31.188079477835846,1,0,15
PPO,73,0.8350712354709156,6,1.0,0.8333333333333334,13.166666666666666,49.0,32.061475385013054,0,0,15
Greedy online,74,0.6503085768392597,6,1.0,0.6666666666666666,14.666666666666666,65.0,31.715013159267354,0,0,14
PPO,74,0.6503085768392597,6,1.0,0.6666666666666666,14.5,65.0,31.60763304388931,0,0,14
Greedy online,75,0.6369240511782059,6,1.0,0.6666666666666666,12.5,61.0,29.590412278083452,0,0,14
PPO,75,0.6511145485348321,6,1.0,0.6666666666666666,12.333333333333334,65.0,28.579778762509616,0,0,15
Greedy online,76,0.7723859377638312,6,1.0,0.8333333333333334,13.166666666666666,62.0,33.25821816802375,1,0,16
PPO,76,0.7825224457007598,6,1.0,0.8333333333333334,11.5,57.0,32.39961767827778,0,0,14
Greedy online,77,0.8408793313434652,6,1.0,0.8333333333333334,10.0,41.0,23.57427405306535,0,0,14
PPO,77,0.8323704980266929,6,1.0,0.8333333333333334,10.666666666666666,42.0,23.87800656415759,0,0,14
Greedy online,78,0.7210228282805344,6,1.0,0.6666666666666666,13.833333333333334,51.0,28.54610795204856,0,0,14
PPO,78,0.7845013691367542,6,1.0,0.8333333333333334,12.5,52.0,30.57433505055862,0,0,15
Greedy online,79,0.9718296959775269,6,1.0,1.0,17.166666666666668,42.0,28.747867269285276,0,0,13
PPO,79,0.9762095567372846,6,1.0,1.0,19.0,51.0,29.2080460650315,1,0,14
Greedy online,80,0.7828357125078342,6,1.0,0.8333333333333334,9.666666666666666,58.0,31.194147168165216,0,0,14
PPO,80,0.780401434800565,6,1.0,0.8333333333333334,10.0,61.0,35.03582903794232,0,0,16
Greedy online,81,0.6742588826887403,6,1.0,0.8333333333333334,9.5,54.0,35.064455075619236,0,0,15
PPO,81,0.6079202465685303,6,1.0,0.8333333333333334,12.5,57.0,35.81617364356553,0,0,18
Greedy online,82,0.6987883983779629,6,1.0,0.6666666666666666,13.333333333333334,60.0,27.08362086110093,1,0,14
PPO,82,0.763903246323455,6,1.0,0.6666666666666666,14.5,59.0,35.950560516550325,0,0,14
Greedy online,83,0.7823418259703183,6,1.0,0.8333333333333334,13.166666666666666,53.0,30.2365371537742,0,0,13
PPO,83,0.791205878328406,6,1.0,0.8333333333333334,13.333333333333334,53.0,30.002962474526626,0,0,14
Greedy online,84,0.7822591981170941,6,1.0,0.8333333333333334,10.5,56.0,30.49071254740432,0,0,14
PPO,84,0.7822591981170941,6,1.0,0.8333333333333334,10.833333333333334,56.0,30.449990044333255,0,0,13
Greedy online,85,0.8849437566826581,6,1.0,1.0,11.5,50.0,29.39463635667486,0,0,15
PPO,85,0.8391111442399942,6,1.0,1.0,12.5,56.0,28.488873216371054,0,0,13
Greedy online,86,0.875331694656327,6,1.0,1.0,11.0,54.0,30.83388846916353,0,0,16
PPO,86,0.9054493254316227,6,1.0,1.0,11.166666666666666,54.0,32.83197592100218,0,0,15
Greedy online,87,0.8106490044704077,6,1.0,0.8333333333333334,15.333333333333334,50.0,31.267779283792358,0,0,14
PPO,87,0.9622136331473046,6,1.0,1.0,16.0,46.0,29.907374827460284,1,0,14
Greedy online,88,0.7024877409248553,6,1.0,0.6666666666666666,11.0,52.0,29.033491720320015,0,0,14
PPO,88,0.7024877409248553,6,1.0,0.6666666666666666,11.0,52.0,28.83150414291909,0,0,14
Greedy online,89,0.7614889413927086,6,1.0,0.8333333333333334,12.333333333333334,59.0,32.94533180635331,0,0,15
PPO,89,0.7614889413927086,6,1.0,0.8333333333333334,12.5,59.0,33.322149385545686,0,0,15
Greedy online,90,0.8666125956313577,6,1.0,1.0,11.166666666666666,53.0,31.167230570101218,1,0,16
PPO,90,0.8582980858273985,6,1.0,1.0,11.666666666666666,54.0,34.20779636891552,1,0,17
Greedy online,91,0.8921039741279203,6,1.0,1.0,11.0,53.0,26.95076855123105,1,0,14
PPO,91,0.8921039741279203,6,1.0,1.0,11.0,53.0,26.95076855123105,1,0,14
Greedy online,92,0.47550379860719466,6,1.0,0.5,15.333333333333334,78.0,31.190797218834067,1,0,17
PPO,92,0.47550379860719466,6,1.0,0.5,15.333333333333334,78.0,31.190797218834067,1,0,17
Greedy online,93,0.7326393940028469,6,1.0,0.8333333333333334,19.833333333333332,58.0,30.792198989488988,1,0,15
PPO,93,0.7781399190799936,6,1.0,0.8333333333333334,18.333333333333332,52.0,31.72903900348918,1,0,15
Greedy online,94,0.7725271501996979,6,1.0,0.8333333333333334,15.0,57.0,29.896905487156634,1,0,16
PPO,94,0.7965281700247645,6,1.0,0.8333333333333334,14.5,57.0,31.58301210775423,1,0,15
Greedy online,95,0.745731500799202,6,1.0,0.8333333333333334,11.5,40.0,27.661312975673873,0,0,15
PPO,95,0.7082632812568828,6,1.0,0.8333333333333334,13.5,53.0,29.29101954088115,1,0,14
Greedy online,96,0.7078745536620792,6,1.0,0.8333333333333334,12.333333333333334,55.0,26.94552053657473,1,0,14
PPO,96,0.712131649583413,6,1.0,0.6666666666666666,11.833333333333334,55.0,27.663927104722827,1,0,15
Greedy online,97,0.7368465006265439,6,1.0,0.8333333333333334,14.0,67.0,34.46278205986243,1,0,16
PPO,97,0.8243278680062273,6,1.0,0.8333333333333334,14.5,67.0,34.48278780202524,1,0,17
Greedy online,98,0.6759007559364036,6,1.0,0.8333333333333334,16.0,59.0,33.60206774766493,1,0,16
PPO,98,0.7292728292807524,6,1.0,0.8333333333333334,12.833333333333334,52.0,31.177561014914286,1,0,16
Greedy online,99,0.7954818865954968,6,1.0,0.8333333333333334,12.0,59.0,29.300121891733184,0,0,16
PPO,99,0.8723588719644172,6,1.0,1.0,11.666666666666666,60.0,29.59542084296336,0,0,15
